0,0.188205,0
0,0.277237,0
0,0.173661,0
0,0.171618,0
0,0.198827,0
0,0.184131,0
0,0.321133,0
0,0.185247,0
0,0.173245,0
0,0.181930,0
0,0.164879,0
0,0.177395,0
0,0.245644,0
0,0.183805,0
0,0.179580,0
0,0.195992,0
0,0.167478,0
0,0.174777,0
0,0.431512,0
0,0.187448,0
0,0.190444,0
0,0.171539,0
0,0.329179,0
0,0.190846,0
0,0.166256,0
0,0.166256,0
0,0.182813,0
0,0.210157,0
0,0.176754,0
0,0.315101,0
0,0.176076,0
0,0.432429,0
0,0.244942,0
0,0.179813,0
0,0.222949,0
0,0.172874,0
0,0.181357,0
0,0.260605,0
0,0.182093,0
0,0.180514,0
0,0.185627,0
0,0.340199,0
0,0.177406,0
0,0.187471,0
0,0.183017,0
0,0.260472,0
0,0.166256,0
0,0.178753,0
0,0.183964,0
0,0.261590,0
1,0.175709,0
1,0.199741,0
1,0.182748,0
1,0.177586,0
1,0.245764,0
1,0.271188,0
1,0.179320,0
1,0.197248,0
1,0.184273,0
1,0.293586,0
1,0.171738,0
1,0.169210,0
1,0.188084,0
1,0.170569,0
1,0.201244,0
1,0.172923,0
1,0.177875,0
1,0.406962,0
1,0.175706,0
1,0.232296,0
1,0.323671,0
1,0.170188,0
1,0.171219,0
1,0.215115,0
1,0.173040,0
1,0.175910,0
1,0.243248,0
1,0.194691,0
1,0.204029,0
1,0.172567,0
1,0.192508,0
1,0.201264,0
1,0.166256,0
1,0.173887,0
1,0.218599,0
1,0.216093,0
1,0.178093,0
1,0.172447,0
1,0.166256,0
1,0.180529,0
1,0.384896,0
1,0.185554,0
1,0.171117,0
1,0.171375,0
1,0.237868,0
1,0.230330,0
1,0.185450,0
1,0.177269,0
1,0.213609,0
1,0.173940,0
2,0.162135,0
2,0.184829,0
2,0.203826,0
2,0.184146,0
2,0.172610,0
2,0.199667,0
2,0.186144,0
2,0.176857,0
2,0.191149,0
2,0.197568,0
2,0.170408,0
2,0.178253,0
2,0.162556,0
2,0.165169,0
2,0.220044,0
2,0.174450,0
2,0.181824,0
2,0.177349,0
2,0.420536,0
2,0.173908,0
2,0.280831,0
2,0.174415,0
2,0.221452,0
2,0.246828,0
2,0.183256,0
2,0.269098,0
2,0.279712,0
2,0.175847,0
2,0.187955,0
2,0.187457,0
2,0.180794,0
2,0.180362,0
2,0.216879,0
2,0.180165,0
2,0.162244,0
2,0.170653,0
2,0.186650,0
2,0.252750,0
2,0.376039,0
2,0.199141,0
2,0.182816,0
2,0.188479,0
2,0.180794,0
2,0.175870,0
2,0.226226,0
2,0.172460,0
2,0.171580,0
2,0.444277,0
2,0.173843,0
2,0.162499,0
0,0.188205,0
0,0.277237,0
0,0.173661,0
0,0.171618,0
0,0.198827,0
0,0.184131,0
0,0.321133,0
0,0.185247,0
0,0.173245,0
0,0.181930,0
0,0.164879,0
0,0.177395,0
0,0.245644,0
0,0.183805,0
0,0.179580,0
0,0.195992,0
0,0.167478,0
0,0.174777,0
0,0.431512,0
0,0.187448,0
0,0.190444,0
0,0.171539,0
0,0.329179,0
0,0.190846,0
0,0.166256,0
0,0.166256,0
0,0.182813,0
0,0.210157,0
0,0.176754,0
0,0.315101,0
0,0.176076,0
0,0.432429,0
0,0.244942,0
0,0.179813,0
0,0.222949,0
0,0.172874,0
0,0.181357,0
0,0.260605,0
0,0.182093,0
0,0.180514,0
0,0.185627,0
0,0.340199,0
0,0.177406,0
0,0.187471,0
0,0.183017,0
0,0.260472,0
0,0.166256,0
0,0.178753,0
0,0.183964,0
0,0.261590,0
1,0.175709,0
1,0.199741,0
1,0.182748,0
1,0.177586,0
1,0.245764,0
1,0.271188,0
1,0.179320,0
1,0.197248,0
1,0.184273,0
1,0.293586,0
1,0.171738,0
1,0.169210,0
1,0.188084,0
1,0.170569,0
1,0.201244,0
1,0.172923,0
1,0.177875,0
1,0.406962,0
1,0.175706,0
1,0.232296,0
1,0.323671,0
1,0.170188,0
1,0.171219,0
1,0.215115,0
1,0.173040,0
1,0.175910,0
1,0.243248,0
1,0.194691,0
1,0.204029,0
1,0.172567,0
1,0.192508,0
1,0.201264,0
1,0.166256,0
1,0.173887,0
1,0.218599,0
1,0.216093,0
1,0.178093,0
1,0.172447,0
1,0.166256,0
1,0.180529,0
1,0.384896,0
1,0.185554,0
1,0.171117,0
1,0.171375,0
1,0.237868,0
1,0.230330,0
1,0.185450,0
1,0.177269,0
1,0.213609,0
1,0.173940,0
2,0.162135,0
2,0.184829,0
2,0.203826,0
2,0.184146,0
2,0.172610,0
2,0.199667,0
2,0.186144,0
2,0.176857,0
2,0.191149,0
2,0.197568,0
2,0.170408,0
2,0.178253,0
2,0.162556,0
2,0.165169,0
2,0.220044,0
2,0.174450,0
2,0.181824,0
2,0.177349,0
2,0.420536,0
2,0.173908,0
2,0.280831,0
2,0.174415,0
2,0.221452,0
2,0.246828,0
2,0.183256,0
2,0.269098,0
2,0.279712,0
2,0.175847,0
2,0.187955,0
2,0.187457,0
2,0.180794,0
2,0.180362,0
2,0.216879,0
2,0.180165,0
2,0.162244,0
2,0.170653,0
2,0.186650,0
2,0.252750,0
2,0.376039,0
2,0.199141,0
2,0.182816,0
2,0.188479,0
2,0.180794,0
2,0.175870,0
2,0.226226,0
2,0.172460,0
2,0.171580,0
2,0.444277,0
2,0.173843,0
2,0.162499,0
3,0.170708,0
3,0.232666,0
3,0.177824,0
3,0.177429,0
3,0.181249,0
3,0.170013,0
3,0.189564,0
3,0.190100,0
3,0.182486,0
3,0.244377,0
3,0.182119,0
3,0.292627,0
3,0.199887,0
3,0.170013,0
3,0.204500,0
3,0.180524,0
3,0.172175,0
3,0.178060,0
3,0.184941,0
3,0.191004,0
3,0.180536,0
3,0.182618,0
3,0.263876,0
3,0.221590,0
3,0.175238,0
3,0.177660,0
3,0.178274,0
3,0.183509,0
3,0.192681,0
3,0.188035,0
3,0.288194,0
3,0.249774,0
3,0.169457,0
3,0.364269,0
3,0.244900,0
3,0.172785,0
3,0.176184,0
3,0.184130,0
3,0.241375,0
3,0.186193,0
3,0.177544,0
3,0.224353,0
3,0.193371,0
3,0.176803,0
3,0.182144,0
3,0.204987,0
3,0.165940,0
3,0.184152,0
3,0.185211,0
3,0.214150,0
4,0.183791,0
4,0.254810,0
4,0.213624,0
4,0.177527,0
4,0.190913,0
4,0.188498,0
4,0.192279,0
4,0.312515,0
4,0.191429,0
4,0.198099,0
4,0.176200,0
4,0.191587,0
4,0.177439,0
4,0.184798,0
4,0.186460,0
4,0.240255,0
4,0.180044,0
4,0.194848,0
4,0.185700,0
4,0.199100,0
4,0.183578,0
4,0.224547,0
4,0.185812,0
4,0.188929,0
4,0.178681,0
4,0.185965,0
4,0.250000,0
4,0.213983,0
4,0.180484,0
4,0.199293,0
4,0.196025,0
4,0.188960,0
4,0.191444,0
4,0.266298,0
4,0.184312,0
4,0.189508,0
4,0.198706,0
4,0.173405,0
4,0.201075,0
4,0.183757,0
4,0.182692,0
4,0.185739,0
4,0.311725,0
4,0.200050,0
4,0.184704,0
4,0.245672,0
4,0.188862,0
4,0.212633,0
4,0.251601,0
4,0.186943,0
5,0.188626,0
5,0.180599,0
5,0.173198,0
5,0.173770,0
5,0.188582,0
5,0.230802,0
5,0.217675,0
5,0.189115,0
5,0.244383,0
5,0.185541,0
5,0.401347,0
5,0.221389,0
5,0.200904,0
5,0.173770,0
5,0.175348,0
5,0.239611,0
5,0.185018,0
5,0.181750,0
5,0.239620,0
5,0.205433,0
5,0.180031,0
5,0.247560,0
5,0.205168,0
5,0.356798,0
5,0.174611,0
5,0.178004,0
5,0.184639,0
5,0.182456,0
5,0.176810,0
5,0.185175,0
5,0.199295,0
5,0.184777,0
5,0.194165,0
5,0.190270,0
5,0.195222,0
5,0.184344,0
5,0.183398,0
5,0.174020,0
5,0.232517,0
5,0.171550,0
5,0.195564,0
5,0.303035,0
5,0.183389,0
5,0.182378,0
5,0.197505,0
5,0.233639,0
5,0.183930,0
5,0.199000,0
5,0.214873,0
5,0.168533,0
6,0.201000,0
6,0.187633,0
6,0.236737,0
6,0.282282,0
6,0.223474,0
6,0.180993,0
6,0.176813,0
6,0.194745,0
6,0.190410,0
6,0.193285,0
6,0.184804,0
6,0.191264,0
6,0.190410,0
6,0.188148,0
6,0.210860,0
6,0.191781,0
6,0.195100,0
6,0.187602,0
6,0.194522,0
6,0.188620,0
6,0.215450,0
6,0.178537,0
6,0.229894,0
6,0.301742,0
6,0.186856,0
6,0.175193,0
6,0.300047,0
6,0.213336,0
6,0.189202,0
6,0.195591,0
6,0.181816,0
6,0.192934,0
6,0.277195,0
6,0.213424,0
6,0.186103,0
6,0.184590,0
6,0.181385,0
6,0.187027,0
6,0.259102,0
6,0.328682,0
6,0.181175,0
6,0.186490,0
6,0.186230,0
6,0.181284,0
6,0.197585,0
6,0.203319,0
6,0.186135,0
6,0.250185,0
6,0.184330,0
6,0.249688,0
7,0.180143,0
7,0.255329,0
7,0.272346,0
7,0.200548,0
7,0.186841,0
7,0.225823,0
7,0.204067,0
7,0.181317,0
7,0.183513,0
7,0.186496,0
7,0.194954,0
7,0.198381,0
7,0.182955,0
7,0.219658,0
7,0.182262,0
7,0.198552,0
7,0.292873,0
7,0.187293,0
7,0.233031,0
7,0.180557,0
7,0.188851,0
7,0.191173,0
7,0.304512,0
7,0.200203,0
7,0.184550,0
7,0.327480,0
7,0.177598,0
7,0.184339,0
7,0.180804,0
7,0.176087,0
7,0.190114,0
7,0.231957,0
7,0.184597,0
7,0.219391,0
7,0.232565,0
7,0.183653,0
7,0.188445,0
7,0.184712,0
7,0.207369,0
7,0.182624,0
7,0.168410,0
7,0.262779,0
7,0.244767,0
7,0.260619,0
7,0.177527,0
7,0.191375,0
7,0.177527,0
7,0.195496,0
7,0.212355,0
7,0.261923,0
8,0.281116,0
8,0.169958,0
8,0.190257,0
8,0.195848,0
8,0.155315,0
8,0.181085,0
8,0.162376,0
8,0.189049,0
8,0.279058,0
8,0.189614,0
8,0.205641,0
8,0.173417,0
8,0.162516,0
8,0.179048,0
8,0.190767,0
8,0.180794,0
8,0.200210,0
8,0.230166,0
8,0.175614,0
8,0.168120,0
8,0.240616,0
8,0.175180,0
8,0.327169,0
8,0.181184,0
8,0.178491,0
8,0.179085,0
8,0.166373,0
8,0.231256,0
8,0.175117,0
8,0.181352,0
8,0.182502,0
8,0.174786,0
8,0.214490,0
8,0.235959,0
8,0.176634,0
8,0.171842,0
8,0.173360,0
8,0.191481,0
8,0.177888,0
8,0.181775,0
8,0.219883,0
8,0.219871,0
8,0.184420,0
8,0.165358,0
8,0.186669,0
8,0.171664,0
8,0.166256,0
8,0.192412,0
8,0.171362,0
8,0.170610,0
9,0.248541,0
9,0.338246,0
9,0.182617,0
9,0.194087,0
9,0.183256,0
9,0.172500,0
9,0.182385,0
9,0.180557,0
9,0.170013,0
9,0.203128,0
9,0.170013,0
9,0.169723,0
9,0.177170,0
9,0.178889,0
9,0.183301,0
9,0.185939,0
9,0.190981,0
9,0.177364,0
9,0.180108,0
9,0.179830,0
9,0.171850,0
9,0.194478,0
9,0.176962,0
9,0.367773,0
9,0.172038,0
9,0.328508,0
9,0.182736,0
9,0.178324,0
9,0.180102,0
9,0.188541,0
9,0.212019,0
9,0.247637,0
9,0.232844,0
9,0.262922,0
9,0.176302,0
9,0.170013,0
9,0.193447,0
9,0.170013,0
9,0.182094,0
9,0.228161,0
9,0.288118,0
9,0.189942,0
9,0.191353,0
9,0.170013,0
9,0.239641,0
9,0.191266,0
9,0.191031,0
9,0.210302,0
9,0.170013,0
9,0.185216,0
0,0.188205,0
0,0.277237,0
0,0.173661,0
0,0.171618,0
0,0.198827,0
0,0.184131,0
0,0.321133,0
0,0.185247,0
0,0.173245,0
0,0.181930,0
0,0.164879,0
0,0.177395,0
0,0.245644,0
0,0.183805,0
0,0.179580,0
0,0.195992,0
0,0.167478,0
0,0.174777,0
0,0.431512,0
0,0.187448,0
0,0.190444,0
0,0.171539,0
0,0.329179,0
0,0.190846,0
0,0.166256,0
0,0.166256,0
0,0.182813,0
0,0.210157,0
0,0.176754,0
0,0.315101,0
0,0.176076,0
0,0.432429,0
0,0.244942,0
0,0.179813,0
0,0.222949,0
0,0.172874,0
0,0.181357,0
0,0.260605,0
0,0.182093,0
0,0.180514,0
0,0.185627,0
0,0.340199,0
0,0.177406,0
0,0.187471,0
0,0.183017,0
0,0.260472,0
0,0.166256,0
0,0.178753,0
0,0.183964,0
0,0.261590,0
1,0.175709,0
1,0.199741,0
1,0.182748,0
1,0.177586,0
1,0.245764,0
1,0.271188,0
1,0.179320,0
1,0.197248,0
1,0.184273,0
1,0.293586,0
1,0.171738,0
1,0.169210,0
1,0.188084,0
1,0.170569,0
1,0.201244,0
1,0.172923,0
1,0.177875,0
1,0.406962,0
1,0.175706,0
1,0.232296,0
1,0.323671,0
1,0.170188,0
1,0.171219,0
1,0.215115,0
1,0.173040,0
1,0.175910,0
1,0.243248,0
1,0.194691,0
1,0.204029,0
1,0.172567,0
1,0.192508,0
1,0.201264,0
1,0.166256,0
1,0.173887,0
1,0.218599,0
1,0.216093,0
1,0.178093,0
1,0.172447,0
1,0.166256,0
1,0.180529,0
1,0.384896,0
1,0.185554,0
1,0.171117,0
1,0.171375,0
1,0.237868,0
1,0.230330,0
1,0.185450,0
1,0.177269,0
1,0.213609,0
1,0.173940,0
2,0.162135,0
2,0.184829,0
2,0.203826,0
2,0.184146,0
2,0.172610,0
2,0.199667,0
2,0.186144,0
2,0.176857,0
2,0.191149,0
2,0.197568,0
2,0.170408,0
2,0.178253,0
2,0.162556,0
2,0.165169,0
2,0.220044,0
2,0.174450,0
2,0.181824,0
2,0.177349,0
2,0.420536,0
2,0.173908,0
2,0.280831,0
2,0.174415,0
2,0.221452,0
2,0.246828,0
2,0.183256,0
2,0.269098,0
2,0.279712,0
2,0.175847,0
2,0.187955,0
2,0.187457,0
2,0.180794,0
2,0.180362,0
2,0.216879,0
2,0.180165,0
2,0.162244,0
2,0.170653,0
2,0.186650,0
2,0.252750,0
2,0.376039,0
2,0.199141,0
2,0.182816,0
2,0.188479,0
2,0.180794,0
2,0.175870,0
2,0.226226,0
2,0.172460,0
2,0.171580,0
2,0.444277,0
2,0.173843,0
2,0.162499,0
3,0.170708,0
3,0.232666,0
3,0.177824,0
3,0.177429,0
3,0.181249,0
3,0.170013,0
3,0.189564,0
3,0.190100,0
3,0.182486,0
3,0.244377,0
3,0.182119,0
3,0.292627,0
3,0.199887,0
3,0.170013,0
3,0.204500,0
3,0.180524,0
3,0.172175,0
3,0.178060,0
3,0.184941,0
3,0.191004,0
3,0.180536,0
3,0.182618,0
3,0.263876,0
3,0.221590,0
3,0.175238,0
3,0.177660,0
3,0.178274,0
3,0.183509,0
3,0.192681,0
3,0.188035,0
3,0.288194,0
3,0.249774,0
3,0.169457,0
3,0.364269,0
3,0.244900,0
3,0.172785,0
3,0.176184,0
3,0.184130,0
3,0.241375,0
3,0.186193,0
3,0.177544,0
3,0.224353,0
3,0.193371,0
3,0.176803,0
3,0.182144,0
3,0.204987,0
3,0.165940,0
3,0.184152,0
3,0.185211,0
3,0.214150,0
4,0.183791,0
4,0.254810,0
4,0.213624,0
4,0.177527,0
4,0.190913,0
4,0.188498,0
4,0.192279,0
4,0.312515,0
4,0.191429,0
4,0.198099,0
4,0.176200,0
4,0.191587,0
4,0.177439,0
4,0.184798,0
4,0.186460,0
4,0.240255,0
4,0.180044,0
4,0.194848,0
4,0.185700,0
4,0.199100,0
4,0.183578,0
4,0.224547,0
4,0.185812,0
4,0.188929,0
4,0.178681,0
4,0.185965,0
4,0.250000,0
4,0.213983,0
4,0.180484,0
4,0.199293,0
4,0.196025,0
4,0.188960,0
4,0.191444,0
4,0.266298,0
4,0.184312,0
4,0.189508,0
4,0.198706,0
4,0.173405,0
4,0.201075,0
4,0.183757,0
4,0.182692,0
4,0.185739,0
4,0.311725,0
4,0.200050,0
4,0.184704,0
4,0.245672,0
4,0.188862,0
4,0.212633,0
4,0.251601,0
4,0.186943,0
5,0.188626,0
5,0.180599,0
5,0.173198,0
5,0.173770,0
5,0.188582,0
5,0.230802,0
5,0.217675,0
5,0.189115,0
5,0.244383,0
5,0.185541,0
5,0.401347,0
5,0.221389,0
5,0.200904,0
5,0.173770,0
5,0.175348,0
5,0.239611,0
5,0.185018,0
5,0.181750,0
5,0.239620,0
5,0.205433,0
5,0.180031,0
5,0.247560,0
5,0.205168,0
5,0.356798,0
5,0.174611,0
5,0.178004,0
5,0.184639,0
5,0.182456,0
5,0.176810,0
5,0.185175,0
5,0.199295,0
5,0.184777,0
5,0.194165,0
5,0.190270,0
5,0.195222,0
5,0.184344,0
5,0.183398,0
5,0.174020,0
5,0.232517,0
5,0.171550,0
5,0.195564,0
5,0.303035,0
5,0.183389,0
5,0.182378,0
5,0.197505,0
5,0.233639,0
5,0.183930,0
5,0.199000,0
5,0.214873,0
5,0.168533,0
6,0.201000,0
6,0.187633,0
6,0.236737,0
6,0.282282,0
6,0.223474,0
6,0.180993,0
6,0.176813,0
6,0.194745,0
6,0.190410,0
6,0.193285,0
6,0.184804,0
6,0.191264,0
6,0.190410,0
6,0.188148,0
6,0.210860,0
6,0.191781,0
6,0.195100,0
6,0.187602,0
6,0.194522,0
6,0.188620,0
6,0.215450,0
6,0.178537,0
6,0.229894,0
6,0.301742,0
6,0.186856,0
6,0.175193,0
6,0.300047,0
6,0.213336,0
6,0.189202,0
6,0.195591,0
6,0.181816,0
6,0.192934,0
6,0.277195,0
6,0.213424,0
6,0.186103,0
6,0.184590,0
6,0.181385,0
6,0.187027,0
6,0.259102,0
6,0.328682,0
6,0.181175,0
6,0.186490,0
6,0.186230,0
6,0.181284,0
6,0.197585,0
6,0.203319,0
6,0.186135,0
6,0.250185,0
6,0.184330,0
6,0.249688,0
7,0.180143,0
7,0.255329,0
7,0.272346,0
7,0.200548,0
7,0.186841,0
7,0.225823,0
7,0.204067,0
7,0.181317,0
7,0.183513,0
7,0.186496,0
7,0.194954,0
7,0.198381,0
7,0.182955,0
7,0.219658,0
7,0.182262,0
7,0.198552,0
7,0.292873,0
7,0.187293,0
7,0.233031,0
7,0.180557,0
7,0.188851,0
7,0.191173,0
7,0.304512,0
7,0.200203,0
7,0.184550,0
7,0.327480,0
7,0.177598,0
7,0.184339,0
7,0.180804,0
7,0.176087,0
7,0.190114,0
7,0.231957,0
7,0.184597,0
7,0.219391,0
7,0.232565,0
7,0.183653,0
7,0.188445,0
7,0.184712,0
7,0.207369,0
7,0.182624,0
7,0.168410,0
7,0.262779,0
7,0.244767,0
7,0.260619,0
7,0.177527,0
7,0.191375,0
7,0.177527,0
7,0.195496,0
7,0.212355,0
7,0.261923,0
8,0.281116,0
8,0.169958,0
8,0.190257,0
8,0.195848,0
8,0.155315,0
8,0.181085,0
8,0.162376,0
8,0.189049,0
8,0.279058,0
8,0.189614,0
8,0.205641,0
8,0.173417,0
8,0.162516,0
8,0.179048,0
8,0.190767,0
8,0.180794,0
8,0.200210,0
8,0.230166,0
8,0.175614,0
8,0.168120,0
8,0.240616,0
8,0.175180,0
8,0.327169,0
8,0.181184,0
8,0.178491,0
8,0.179085,0
8,0.166373,0
8,0.231256,0
8,0.175117,0
8,0.181352,0
8,0.182502,0
8,0.174786,0
8,0.214490,0
8,0.235959,0
8,0.176634,0
8,0.171842,0
8,0.173360,0
8,0.191481,0
8,0.177888,0
8,0.181775,0
8,0.219883,0
8,0.219871,0
8,0.184420,0
8,0.165358,0
8,0.186669,0
8,0.171664,0
8,0.166256,0
8,0.192412,0
8,0.171362,0
8,0.170610,0
9,0.248541,0
9,0.338246,0
9,0.182617,0
9,0.194087,0
9,0.183256,0
9,0.172500,0
9,0.182385,0
9,0.180557,0
9,0.170013,0
9,0.203128,0
9,0.170013,0
9,0.169723,0
9,0.177170,0
9,0.178889,0
9,0.183301,0
9,0.185939,0
9,0.190981,0
9,0.177364,0
9,0.180108,0
9,0.179830,0
9,0.171850,0
9,0.194478,0
9,0.176962,0
9,0.367773,0
9,0.172038,0
9,0.328508,0
9,0.182736,0
9,0.178324,0
9,0.180102,0
9,0.188541,0
9,0.212019,0
9,0.247637,0
9,0.232844,0
9,0.262922,0
9,0.176302,0
9,0.170013,0
9,0.193447,0
9,0.170013,0
9,0.182094,0
9,0.228161,0
9,0.288118,0
9,0.189942,0
9,0.191353,0
9,0.170013,0
9,0.239641,0
9,0.191266,0
9,0.191031,0
9,0.210302,0
9,0.170013,0
9,0.185216,0
0,0.188205,0
0,0.277237,0
0,0.173661,0
0,0.171618,0
0,0.198827,0
0,0.184131,0
0,0.321133,0
0,0.185247,0
0,0.173245,0
0,0.181930,0
0,0.164879,0
0,0.177395,0
0,0.245644,0
0,0.183805,0
0,0.179580,0
0,0.195992,0
0,0.167478,0
0,0.174777,0
0,0.431512,0
0,0.187448,0
0,0.190444,0
0,0.171539,0
0,0.329179,0
0,0.190846,0
0,0.166256,0
0,0.166256,0
0,0.182813,0
0,0.210157,0
0,0.176754,0
0,0.315101,0
0,0.176076,0
0,0.432429,0
0,0.244942,0
0,0.179813,0
0,0.222949,0
0,0.172874,0
0,0.181357,0
0,0.260605,0
0,0.182093,0
0,0.180514,0
0,0.185627,0
0,0.340199,0
0,0.177406,0
0,0.187471,0
0,0.183017,0
0,0.260472,0
0,0.166256,0
0,0.178753,0
0,0.183964,0
0,0.261590,0
1,0.175709,0
1,0.199741,0
1,0.182748,0
1,0.177586,0
1,0.245764,0
1,0.271188,0
1,0.179320,0
1,0.197248,0
1,0.184273,0
1,0.293586,0
1,0.171738,0
1,0.169210,0
1,0.188084,0
1,0.170569,0
1,0.201244,0
1,0.172923,0
1,0.177875,0
1,0.406962,0
1,0.175706,0
1,0.232296,0
1,0.323671,0
1,0.170188,0
1,0.171219,0
1,0.215115,0
1,0.173040,0
1,0.175910,0
1,0.243248,0
1,0.194691,0
1,0.204029,0
1,0.172567,0
1,0.192508,0
1,0.201264,0
1,0.166256,0
1,0.173887,0
1,0.218599,0
1,0.216093,0
1,0.178093,0
1,0.172447,0
1,0.166256,0
1,0.180529,0
1,0.384896,0
1,0.185554,0
1,0.171117,0
1,0.171375,0
1,0.237868,0
1,0.230330,0
1,0.185450,0
1,0.177269,0
1,0.213609,0
1,0.173940,0
2,0.162135,0
2,0.184829,0
2,0.203826,0
2,0.184146,0
2,0.172610,0
2,0.199667,0
2,0.186144,0
2,0.176857,0
2,0.191149,0
2,0.197568,0
2,0.170408,0
2,0.178253,0
2,0.162556,0
2,0.165169,0
2,0.220044,0
2,0.174450,0
2,0.181824,0
2,0.177349,0
2,0.420536,0
2,0.173908,0
2,0.280831,0
2,0.174415,0
2,0.221452,0
2,0.246828,0
2,0.183256,0
2,0.269098,0
2,0.279712,0
2,0.175847,0
2,0.187955,0
2,0.187457,0
2,0.180794,0
2,0.180362,0
2,0.216879,0
2,0.180165,0
2,0.162244,0
2,0.170653,0
2,0.186650,0
2,0.252750,0
2,0.376039,0
2,0.199141,0
2,0.182816,0
2,0.188479,0
2,0.180794,0
2,0.175870,0
2,0.226226,0
2,0.172460,0
2,0.171580,0
2,0.444277,0
2,0.173843,0
2,0.162499,0
3,0.170708,0
3,0.232666,0
3,0.177824,0
3,0.177429,0
3,0.181249,0
3,0.170013,0
3,0.189564,0
3,0.190100,0
3,0.182486,0
3,0.244377,0
3,0.182119,0
3,0.292627,0
3,0.199887,0
3,0.170013,0
3,0.204500,0
3,0.180524,0
3,0.172175,0
3,0.178060,0
3,0.184941,0
3,0.191004,0
3,0.180536,0
3,0.182618,0
3,0.263876,0
3,0.221590,0
3,0.175238,0
3,0.177660,0
3,0.178274,0
3,0.183509,0
3,0.192681,0
3,0.188035,0
3,0.288194,0
3,0.249774,0
3,0.169457,0
3,0.364269,0
3,0.244900,0
3,0.172785,0
3,0.176184,0
3,0.184130,0
3,0.241375,0
3,0.186193,0
3,0.177544,0
3,0.224353,0
3,0.193371,0
3,0.176803,0
3,0.182144,0
3,0.204987,0
3,0.165940,0
3,0.184152,0
3,0.185211,0
3,0.214150,0
4,0.183791,0
4,0.254810,0
4,0.213624,0
4,0.177527,0
4,0.190913,0
4,0.188498,0
4,0.192279,0
4,0.312515,0
4,0.191429,0
4,0.198099,0
4,0.176200,0
4,0.191587,0
4,0.177439,0
4,0.184798,0
4,0.186460,0
4,0.240255,0
4,0.180044,0
4,0.194848,0
4,0.185700,0
4,0.199100,0
4,0.183578,0
4,0.224547,0
4,0.185812,0
4,0.188929,0
4,0.178681,0
4,0.185965,0
4,0.250000,0
4,0.213983,0
4,0.180484,0
4,0.199293,0
4,0.196025,0
4,0.188960,0
4,0.191444,0
4,0.266298,0
4,0.184312,0
4,0.189508,0
4,0.198706,0
4,0.173405,0
4,0.201075,0
4,0.183757,0
4,0.182692,0
4,0.185739,0
4,0.311725,0
4,0.200050,0
4,0.184704,0
4,0.245672,0
4,0.188862,0
4,0.212633,0
4,0.251601,0
4,0.186943,0
5,0.188626,0
5,0.180599,0
5,0.173198,0
5,0.173770,0
5,0.188582,0
5,0.230802,0
5,0.217675,0
5,0.189115,0
5,0.244383,0
5,0.185541,0
5,0.401347,0
5,0.221389,0
5,0.200904,0
5,0.173770,0
5,0.175348,0
5,0.239611,0
5,0.185018,0
5,0.181750,0
5,0.239620,0
5,0.205433,0
5,0.180031,0
5,0.247560,0
5,0.205168,0
5,0.356798,0
5,0.174611,0
5,0.178004,0
5,0.184639,0
5,0.182456,0
5,0.176810,0
5,0.185175,0
5,0.199295,0
5,0.184777,0
5,0.194165,0
5,0.190270,0
5,0.195222,0
5,0.184344,0
5,0.183398,0
5,0.174020,0
5,0.232517,0
5,0.171550,0
5,0.195564,0
5,0.303035,0
5,0.183389,0
5,0.182378,0
5,0.197505,0
5,0.233639,0
5,0.183930,0
5,0.199000,0
5,0.214873,0
5,0.168533,0
6,0.201000,0
6,0.187633,0
6,0.236737,0
6,0.282282,0
6,0.223474,0
6,0.180993,0
6,0.176813,0
6,0.194745,0
6,0.190410,0
6,0.193285,0
6,0.184804,0
6,0.191264,0
6,0.190410,0
6,0.188148,0
6,0.210860,0
6,0.191781,0
6,0.195100,0
6,0.187602,0
6,0.194522,0
6,0.188620,0
6,0.215450,0
6,0.178537,0
6,0.229894,0
6,0.301742,0
6,0.186856,0
6,0.175193,0
6,0.300047,0
6,0.213336,0
6,0.189202,0
6,0.195591,0
6,0.181816,0
6,0.192934,0
6,0.277195,0
6,0.213424,0
6,0.186103,0
6,0.184590,0
6,0.181385,0
6,0.187027,0
6,0.259102,0
6,0.328682,0
6,0.181175,0
6,0.186490,0
6,0.186230,0
6,0.181284,0
6,0.197585,0
6,0.203319,0
6,0.186135,0
6,0.250185,0
6,0.184330,0
6,0.249688,0
7,0.180143,0
7,0.255329,0
7,0.272346,0
7,0.200548,0
7,0.186841,0
7,0.225823,0
7,0.204067,0
7,0.181317,0
7,0.183513,0
7,0.186496,0
7,0.194954,0
7,0.198381,0
7,0.182955,0
7,0.219658,0
7,0.182262,0
7,0.198552,0
7,0.292873,0
7,0.187293,0
7,0.233031,0
7,0.180557,0
7,0.188851,0
7,0.191173,0
7,0.304512,0
7,0.200203,0
7,0.184550,0
7,0.327480,0
7,0.177598,0
7,0.184339,0
7,0.180804,0
7,0.176087,0
7,0.190114,0
7,0.231957,0
7,0.184597,0
7,0.219391,0
7,0.232565,0
7,0.183653,0
7,0.188445,0
7,0.184712,0
7,0.207369,0
7,0.182624,0
7,0.168410,0
7,0.262779,0
7,0.244767,0
7,0.260619,0
7,0.177527,0
7,0.191375,0
7,0.177527,0
7,0.195496,0
7,0.212355,0
7,0.261923,0
8,0.281116,0
8,0.169958,0
8,0.190257,0
8,0.195848,0
8,0.155315,0
8,0.181085,0
8,0.162376,0
8,0.189049,0
8,0.279058,0
8,0.189614,0
8,0.205641,0
8,0.173417,0
8,0.162516,0
8,0.179048,0
8,0.190767,0
8,0.180794,0
8,0.200210,0
8,0.230166,0
8,0.175614,0
8,0.168120,0
8,0.240616,0
8,0.175180,0
8,0.327169,0
8,0.181184,0
8,0.178491,0
8,0.179085,0
8,0.166373,0
8,0.231256,0
8,0.175117,0
8,0.181352,0
8,0.182502,0
8,0.174786,0
8,0.214490,0
8,0.235959,0
8,0.176634,0
8,0.171842,0
8,0.173360,0
8,0.191481,0
8,0.177888,0
8,0.181775,0
8,0.219883,0
8,0.219871,0
8,0.184420,0
8,0.165358,0
8,0.186669,0
8,0.171664,0
8,0.166256,0
8,0.192412,0
8,0.171362,0
8,0.170610,0
9,0.248541,0
9,0.338246,0
9,0.182617,0
9,0.194087,0
9,0.183256,0
9,0.172500,0
9,0.182385,0
9,0.180557,0
9,0.170013,0
9,0.203128,0
9,0.170013,0
9,0.169723,0
9,0.177170,0
9,0.178889,0
9,0.183301,0
9,0.185939,0
9,0.190981,0
9,0.177364,0
9,0.180108,0
9,0.179830,0
9,0.171850,0
9,0.194478,0
9,0.176962,0
9,0.367773,0
9,0.172038,0
9,0.328508,0
9,0.182736,0
9,0.178324,0
9,0.180102,0
9,0.188541,0
9,0.212019,0
9,0.247637,0
9,0.232844,0
9,0.262922,0
9,0.176302,0
9,0.170013,0
9,0.193447,0
9,0.170013,0
9,0.182094,0
9,0.228161,0
9,0.288118,0
9,0.189942,0
9,0.191353,0
9,0.170013,0
9,0.239641,0
9,0.191266,0
9,0.191031,0
9,0.210302,0
9,0.170013,0
9,0.185216,0
0,0.886878,0
0,0.591549,0
0,0.886878,0
0,0.886878,0
0,0.886878,0
0,0.885845,0
0,0.192982,0
0,0.886878,0
0,0.886878,0
0,0.886878,0
0,0.886878,0
0,0.886878,0
0,0.290598,0
0,0.886878,0
0,0.886878,0
0,0.886878,0
0,0.886878,0
0,0.886878,0
0,nan,0
0,0.886878,0
0,0.898148,0
0,0.886878,0
0,nan,0
0,0.886878,0
0,0.886878,0
0,0.886878,0
0,0.886878,0
0,0.886878,0
0,0.886878,0
0,0.091743,0
0,0.886878,0
0,0.020000,0
0,0.886878,0
0,0.886878,0
0,0.886878,0
0,0.886878,0
0,0.886878,0
0,0.716049,0
0,0.886878,0
0,0.886878,0
0,0.886878,0
0,nan,0
0,0.886878,0
0,0.886878,0
0,0.886878,0
0,0.703911,0
0,0.886878,0
0,0.886878,0
0,0.886878,0
0,0.376812,0
0,0.000000,0
0,nan,0
0,0.000000,0
0,0.000000,0
0,0.000000,0
0,nan,0
0,nan,0
0,0.000000,0
0,0.000000,0
0,0.000000,0
0,0.000000,0
0,0.000000,0
0,nan,0
0,0.000000,0
0,0.000000,0
0,0.000000,0
0,0.000000,0
0,0.000000,0
0,nan,0
0,0.000000,0
0,nan,0
0,0.000000,0
0,nan,0
0,0.000000,0
0,0.000000,0
0,0.000000,0
0,0.000000,0
0,0.000000,0
0,0.000000,0
0,nan,0
0,0.000000,0
0,nan,0
0,0.000000,0
0,0.000000,0
0,0.000000,0
0,0.000000,0
0,0.000000,0
0,nan,0
0,0.000000,0
0,0.000000,0
0,0.000000,0
0,nan,0
0,0.000000,0
0,0.000000,0
0,0.000000,0
0,nan,0
0,0.000000,0
0,0.000000,0
0,0.000000,0
0,nan,0
0,0.000000,0
0,nan,0
0,0.000000,0
0,0.000000,0
0,0.000000,0
0,nan,0
0,nan,0
0,0.000000,0
0,0.000000,0
0,0.000000,0
0,0.000000,0
0,0.000000,0
0,nan,0
0,0.000000,0
0,0.000000,0
0,0.000000,0
0,0.000000,0
0,0.000000,0
0,nan,0
0,0.000000,0
0,nan,0
0,0.000000,0
0,nan,0
0,0.000000,0
0,0.000000,0
0,0.000000,0
0,0.000000,0
0,0.000000,0
0,0.000000,0
0,nan,0
0,0.000000,0
0,nan,0
0,0.000000,0
0,0.000000,0
0,0.000000,0
0,0.000000,0
0,0.000000,0
0,nan,0
0,0.000000,0
0,0.000000,0
0,0.000000,0
0,nan,0
0,0.000000,0
0,0.000000,0
0,0.000000,0
0,nan,0
0,0.000000,0
0,0.000000,0
0,0.000000,0
0,nan,0
0,0.886878,0
0,0.591549,0
0,0.886878,0
0,0.886878,0
0,0.886878,0
0,0.885845,0
0,0.192982,0
0,0.886878,0
0,0.886878,0
0,0.886878,0
0,0.886878,0
0,0.886878,0
0,0.290598,0
0,0.886878,0
0,0.886878,0
0,0.886878,0
0,0.886878,0
0,0.886878,0
0,nan,0
0,0.886878,0
0,0.898148,0
0,0.886878,0
0,nan,0
0,0.886878,0
0,0.886878,0
0,0.886878,0
0,0.886878,0
0,0.886878,0
0,0.886878,0
0,0.091743,0
0,0.886878,0
0,0.020000,0
0,0.886878,0
0,0.886878,0
0,0.886878,0
0,0.886878,0
0,0.886878,0
0,0.716049,0
0,0.886878,0
0,0.886878,0
0,0.886878,0
0,nan,0
0,0.886878,0
0,0.886878,0
0,0.886878,0
0,0.703911,0
0,0.886878,0
0,0.886878,0
0,0.886878,0
0,0.376812,0
0,0.886878,0
0,0.591549,0
0,0.886878,0
0,0.886878,0
0,0.886878,0
0,0.885845,0
0,0.192982,0
0,0.886878,0
0,0.886878,0
0,0.886878,0
0,0.886878,0
0,0.886878,0
0,0.290598,0
0,0.886878,0
0,0.886878,0
0,0.886878,0
0,0.886878,0
0,0.886878,0
0,nan,0
0,0.886878,0
0,0.898148,0
0,0.886878,0
0,nan,0
0,0.886878,0
0,0.886878,0
0,0.886878,0
0,0.886878,0
0,0.886878,0
0,0.886878,0
0,0.091743,0
0,0.886878,0
0,0.020000,0
0,0.886878,0
0,0.886878,0
0,0.886878,0
0,0.886878,0
0,0.886878,0
0,0.716049,0
0,0.886878,0
0,0.886878,0
0,0.886878,0
0,nan,0
0,0.886878,0
0,0.886878,0
0,0.886878,0
0,0.703911,0
0,0.886878,0
0,0.886878,0
0,0.886878,0
0,0.376812,0
0,0.886878,0
0,0.591549,0
0,0.886878,0
0,0.886878,0
0,0.886878,0
0,0.885845,0
0,0.192982,0
0,0.886878,0
0,0.886878,0
0,0.886878,0
0,0.886878,0
0,0.886878,0
0,0.290598,0
0,0.886878,0
0,0.886878,0
0,0.886878,0
0,0.886878,0
0,0.886878,0
0,nan,0
0,0.886878,0
0,0.898148,0
0,0.886878,0
0,nan,0
0,0.886878,0
0,0.886878,0
0,0.886878,0
0,0.886878,0
0,0.886878,0
0,0.886878,0
0,0.091743,0
0,0.886878,0
0,0.020000,0
0,0.886878,0
0,0.886878,0
0,0.886878,0
0,0.886878,0
0,0.886878,0
0,0.716049,0
0,0.886878,0
0,0.886878,0
0,0.886878,0
0,nan,0
0,0.886878,0
0,0.886878,0
0,0.886878,0
0,0.703911,0
0,0.886878,0
0,0.886878,0
0,0.886878,0
0,0.376812,0
0,0.886878,0
0,0.554217,0
0,0.886878,0
0,0.886878,0
0,0.886878,0
0,0.371429,0
0,0.886878,0
0,0.886878,0
0,0.886878,0
0,0.886878,0
0,0.886878,0
0,0.886878,0
0,0.886878,0
0,0.886878,0
0,0.583333,0
0,0.886878,0
0,0.886878,0
0,0.886878,0
0,0.886878,0
0,0.886878,0
0,0.769231,0
0,0.886878,0
0,0.886878,0
0,nan,0
0,0.886878,0
0,0.886878,0
0,0.886878,0
0,0.886878,0
0,0.886878,0
0,0.763006,0
0,0.886878,0
0,0.886878,0
0,0.886878,0
0,0.886878,0
0,0.886878,0
0,0.886878,0
0,0.886878,0
0,0.876712,0
0,nan,0
0,0.886878,0
0,0.550336,0
0,0.886878,0
0,0.886878,0
0,0.886878,0
0,0.886878,0
0,0.886878,0
0,0.731707,0
0,0.886878,0
0,0.903226,0
0,0.886878,0
0,0.886878,0
0,0.591549,0
0,0.886878,0
0,0.886878,0
0,0.886878,0
0,0.885845,0
0,0.192982,0
0,0.886878,0
0,0.886878,0
0,0.886878,0
0,0.886878,0
0,0.886878,0
0,0.290598,0
0,0.886878,0
0,0.886878,0
0,0.886878,0
0,0.886878,0
0,0.886878,0
0,nan,0
0,0.886878,0
0,0.898148,0
0,0.886878,0
0,nan,0
0,0.886878,0
0,0.886878,0
0,0.886878,0
0,0.886878,0
0,0.886878,0
0,0.886878,0
0,0.091743,0
0,0.886878,0
0,0.020000,0
0,0.886878,0
0,0.886878,0
0,0.886878,0
0,0.886878,0
0,0.886878,0
0,0.716049,0
0,0.886878,0
0,0.886878,0
0,0.886878,0
0,nan,0
0,0.886878,0
0,0.886878,0
0,0.886878,0
0,0.703911,0
0,0.886878,0
0,0.886878,0
0,0.886878,0
0,0.376812,0
0,0.886878,0
0,0.554217,0
0,0.886878,0
0,0.886878,0
0,0.886878,0
0,0.371429,0
0,0.886878,0
0,0.886878,0
0,0.886878,0
0,0.886878,0
0,0.886878,0
0,0.886878,0
0,0.886878,0
0,0.886878,0
0,0.583333,0
0,0.886878,0
0,0.886878,0
0,0.886878,0
0,0.886878,0
0,0.886878,0
0,0.769231,0
0,0.886878,0
0,0.886878,0
0,nan,0
0,0.886878,0
0,0.886878,0
0,0.886878,0
0,0.886878,0
0,0.886878,0
0,0.763006,0
0,0.886878,0
0,0.886878,0
0,0.886878,0
0,0.886878,0
0,0.886878,0
0,0.886878,0
0,0.886878,0
0,0.876712,0
0,nan,0
0,0.886878,0
0,0.550336,0
0,0.886878,0
0,0.886878,0
0,0.886878,0
0,0.886878,0
0,0.886878,0
0,0.731707,0
0,0.886878,0
0,0.903226,0
0,0.886878,0
0,0.886878,0
0,0.886878,0
0,0.886878,0
0,0.876712,0
0,0.886878,0
0,0.886878,0
0,0.886878,0
0,0.434109,0
0,nan,0
0,0.886878,0
0,0.871560,0
0,0.545455,0
0,0.886878,0
0,0.886878,0
0,0.886878,0
0,0.886878,0
0,0.886878,0
0,0.886878,0
0,0.886878,0
0,0.876712,0
0,0.253968,0
0,0.886878,0
0,0.886878,0
0,0.886878,0
0,0.886878,0
0,0.886878,0
0,0.886878,0
0,0.886878,0
0,0.886878,0
0,0.886878,0
0,0.886878,0
0,0.886878,0
0,0.886878,0
0,0.886878,0
0,0.886878,0
0,0.886878,0
0,0.886878,0
0,0.886878,0
0,0.886878,0
0,0.886878,0
0,0.886878,0
0,0.886792,0
0,0.886878,0
0,0.886878,0
0,0.886878,0
0,0.040000,0
0,0.886878,0
0,0.886878,0
0,0.886878,0
0,0.629630,0
0,0.886878,0
0,0.886878,0
0,0.886878,0
0,0.876712,0
0,0.886878,0
0,0.886878,0
0,0.886878,0
0,0.434109,0
0,nan,0
0,0.886878,0
0,0.871560,0
0,0.545455,0
0,0.886878,0
0,0.886878,0
0,0.886878,0
0,0.886878,0
0,0.886878,0
0,0.886878,0
0,0.886878,0
0,0.876712,0
0,0.253968,0
0,0.886878,0
0,0.886878,0
0,0.886878,0
0,0.886878,0
0,0.886878,0
0,0.886878,0
0,0.886878,0
0,0.886878,0
0,0.886878,0
0,0.886878,0
0,0.886878,0
0,0.886878,0
0,0.886878,0
0,0.886878,0
0,0.886878,0
0,0.886878,0
0,0.886878,0
0,0.886878,0
0,0.886878,0
0,0.886878,0
0,0.886792,0
0,0.886878,0
0,0.886878,0
0,0.886878,0
0,0.040000,0
0,0.886878,0
0,0.886878,0
0,0.886878,0
0,0.629630,0
0,0.886878,0
0,0.886878,0
0,0.886878,0
0,0.876712,0
0,0.886878,0
0,0.886878,0
0,0.886878,0
0,0.434109,0
0,nan,0
0,0.886878,0
0,0.871560,0
0,0.545455,0
0,0.886878,0
0,0.886878,0
0,0.886878,0
0,0.886878,0
0,0.886878,0
0,0.886878,0
0,0.886878,0
0,0.876712,0
0,0.253968,0
0,0.886878,0
0,0.886878,0
0,0.886878,0
0,0.886878,0
0,0.886878,0
0,0.886878,0
0,0.886878,0
0,0.886878,0
0,0.886878,0
0,0.886878,0
0,0.886878,0
0,0.886878,0
0,0.886878,0
0,0.886878,0
0,0.886878,0
0,0.886878,0
0,0.886878,0
0,0.886878,0
0,0.886878,0
0,0.886878,0
0,0.886792,0
0,0.886878,0
0,0.886878,0
0,0.886878,0
0,0.040000,0
0,0.886878,0
0,0.886878,0
0,0.886878,0
0,0.629630,0
0,0.886878,0
0,0.886878,0
0,0.886878,0
0,0.876712,0
0,0.886878,0
0,0.886878,0
0,0.886878,0
0,0.434109,0
0,nan,0
0,0.886878,0
0,0.871560,0
0,0.545455,0
0,0.886878,0
0,0.886878,0
0,0.886878,0
0,0.886878,0
0,0.886878,0
0,0.886878,0
0,0.886878,0
0,0.876712,0
0,0.253968,0
0,0.886878,0
0,0.886878,0
0,0.886878,0
0,0.886878,0
0,0.886878,0
0,0.886878,0
0,0.886878,0
0,0.886878,0
0,0.886878,0
0,0.886878,0
0,0.886878,0
0,0.886878,0
0,0.886878,0
0,0.886878,0
0,0.886878,0
0,0.886878,0
0,0.886878,0
0,0.886878,0
0,0.886878,0
0,0.886878,0
0,0.886792,0
0,0.886878,0
0,0.886878,0
0,0.886878,0
0,0.040000,0
0,0.886878,0
0,0.886878,0
0,0.886878,0
0,0.629630,0
0,0.886878,0
0,0.886878,0
0,0.886878,0
0,0.876712,0
0,0.886878,0
0,0.886878,0
0,0.886878,0
0,0.434109,0
0,nan,0
0,0.886878,0
0,0.871560,0
0,0.545455,0
0,0.886878,0
0,0.886878,0
0,0.886878,0
0,0.886878,0
0,0.886878,0
0,0.886878,0
0,0.886878,0
0,0.876712,0
0,0.253968,0
0,0.886878,0
0,0.886878,0
0,0.886878,0
0,0.886878,0
0,0.886878,0
0,0.886878,0
0,0.886878,0
0,0.886878,0
0,0.886878,0
0,0.886878,0
0,0.886878,0
0,0.886878,0
0,0.886878,0
0,0.886878,0
0,0.886878,0
0,0.886878,0
0,0.886878,0
0,0.886878,0
0,0.886878,0
0,0.886878,0
0,0.886792,0
0,0.886878,0
0,0.886878,0
0,0.886878,0
0,0.040000,0
0,0.886878,0
0,0.886878,0
0,0.886878,0
0,0.629630,0
0,0.886878,0
0,0.886878,0
0,0.886878,0
0,0.876712,0
0,0.886878,0
0,0.886878,0
0,0.886878,0
0,0.434109,0
0,nan,0
0,0.886878,0
0,0.871560,0
0,0.545455,0
0,0.886878,0
0,0.886878,0
0,0.886878,0
0,0.886878,0
0,0.886878,0
0,0.886878,0
0,0.886878,0
0,0.876712,0
0,0.253968,0
0,0.886878,0
0,0.886878,0
0,0.886878,0
0,0.886878,0
0,0.886878,0
0,0.886878,0
0,0.886878,0
0,0.886878,0
0,0.886878,0
0,0.886878,0
0,0.886878,0
0,0.886878,0
0,0.886878,0
0,0.886878,0
0,0.886878,0
0,0.886878,0
0,0.886878,0
0,0.886878,0
0,0.886878,0
0,0.886878,0
0,0.886792,0
0,0.886878,0
0,0.886878,0
0,0.886878,0
0,0.040000,0
0,0.886878,0
0,0.886878,0
0,0.886878,0
0,0.629630,0
0,0.886878,0
0,0.886878,0
0,0.886878,0
0,0.876712,0
0,0.886878,0
0,0.886878,0
0,0.886878,0
0,0.434109,0
0,nan,0
0,0.886878,0
0,0.871560,0
0,0.545455,0
0,0.886878,0
0,0.886878,0
0,0.886878,0
0,0.886878,0
0,0.886878,0
0,0.886878,0
0,0.886878,0
0,0.876712,0
0,0.253968,0
0,0.886878,0
0,0.886878,0
0,0.886878,0
0,0.886878,0
0,0.886878,0
0,0.886878,0
0,0.886878,0
0,0.886878,0
0,0.886878,0
0,0.886878,0
0,0.886878,0
0,0.886878,0
0,0.886878,0
0,0.886878,0
0,0.886878,0
0,0.886878,0
0,0.886878,0
0,0.886878,0
0,0.886878,0
0,0.886878,0
0,0.886792,0
0,0.886878,0
0,0.886878,0
0,0.886878,0
0,0.040000,0
0,0.886878,0
0,0.886878,0
0,0.886878,0
0,0.629630,0
0,0.886878,0
0,0.886878,0
0,0.886878,0
0,0.876712,0
0,0.886878,0
0,0.886878,0
0,0.886878,0
0,0.434109,0
0,nan,0
0,0.886878,0
0,0.871560,0
0,0.545455,0
0,0.886878,0
0,0.886878,0
0,0.886878,0
0,0.886878,0
0,0.886878,0
0,0.886878,0
0,0.886878,0
0,0.876712,0
0,0.253968,0
0,0.886878,0
0,0.886878,0
0,0.886878,0
0,0.886878,0
0,0.886878,0
0,0.886878,0
0,0.886878,0
0,0.886878,0
0,0.886878,0
0,0.886878,0
0,0.886878,0
0,0.886878,0
0,0.886878,0
0,0.886878,0
0,0.886878,0
0,0.886878,0
0,0.886878,0
0,0.886878,0
0,0.886878,0
0,0.886878,0
0,0.886792,0
0,0.886878,0
0,0.886878,0
0,0.886878,0
0,0.040000,0
0,0.886878,0
0,0.886878,0
0,0.886878,0
0,0.629630,0
0,0.886878,0
0,0.886878,0
0,0.886878,0
0,0.876712,0
0,0.886878,0
0,0.886878,0
0,0.886878,0
0,0.434109,0
0,nan,0
0,0.886878,0
0,0.871560,0
0,0.545455,0
0,0.886878,0
0,0.886878,0
0,0.886878,0
0,0.886878,0
0,0.886878,0
0,0.886878,0
0,0.886878,0
0,0.876712,0
0,0.253968,0
0,0.886878,0
0,0.886878,0
0,0.886878,0
0,0.886878,0
0,0.886878,0
0,0.886878,0
0,0.886878,0
0,0.886878,0
0,0.886878,0
0,0.886878,0
0,0.886878,0
0,0.886878,0
0,0.886878,0
0,0.886878,0
0,0.886878,0
0,0.886878,0
0,0.886878,0
0,0.886878,0
0,0.886878,0
0,0.886878,0
0,0.886792,0
0,0.886878,0
0,0.886878,0
0,0.886878,0
0,0.040000,0
0,0.886878,0
0,0.886878,0
0,0.886878,0
0,0.629630,0
0,0.886878,0
0,0.886878,0
0,0.886878,0
0,0.876712,0
0,0.886878,0
0,0.886878,0
0,0.886878,0
0,0.434109,0
0,nan,0
0,0.886878,0
0,0.871560,0
0,0.545455,0
0,0.886878,0
0,0.886878,0
0,0.886878,0
0,0.886878,0
0,0.886878,0
0,0.886878,0
0,0.886878,0
0,0.876712,0
0,0.253968,0
0,0.886878,0
0,0.886878,0
0,0.886878,0
0,0.886878,0
0,0.886878,0
0,0.886878,0
0,0.886878,0
0,0.886878,0
0,0.886878,0
0,0.886878,0
0,0.886878,0
0,0.886878,0
0,0.886878,0
0,0.886878,0
0,0.886878,0
0,0.886878,0
0,0.886878,0
0,0.886878,0
0,0.886878,0
0,0.886878,0
0,0.886792,0
0,0.886878,0
0,0.886878,0
0,0.886878,0
0,0.040000,0
0,0.886878,0
0,0.886878,0
0,0.886878,0
0,0.629630,0
0,0.886878,0
0,0.886878,0
0,0.886878,0
0,0.876712,0
0,0.886878,0
0,0.886878,0
0,0.886878,0
0,0.434109,0
0,nan,0
0,0.886878,0
0,0.871560,0
0,0.545455,0
0,0.886878,0
0,0.886878,0
0,0.886878,0
0,0.886878,0
0,0.886878,0
0,0.886878,0
0,0.886878,0
0,0.876712,0
0,0.253968,0
0,0.886878,0
0,0.886878,0
0,0.886878,0
0,0.886878,0
0,0.886878,0
0,0.886878,0
0,0.886878,0
0,0.886878,0
0,0.886878,0
0,0.886878,0
0,0.886878,0
0,0.886878,0
0,0.886878,0
0,0.886878,0
0,0.886878,0
0,0.886878,0
0,0.886878,0
0,0.886878,0
0,0.886878,0
0,0.886878,0
0,0.886792,0
0,0.886878,0
0,0.886878,0
0,0.886878,0
0,0.040000,0
0,0.886878,0
0,0.886878,0
0,0.886878,0
0,0.629630,0
0,0.886878,0
0,0.886878,0
0,0.400000,0
0,0.808081,0
0,0.886878,0
0,0.886878,0
0,0.886878,0
0,0.290598,0
0,nan,0
0,0.886878,0
0,0.758974,0
0,nan,0
0,0.886878,0
0,0.871560,0
0,0.886878,0
0,0.883721,0
0,0.886878,0
0,0.894231,0
0,0.653595,0
0,0.562874,0
0,0.038462,0
0,0.886878,0
0,0.886878,0
0,0.886878,0
0,0.886878,0
0,0.886878,0
0,0.886878,0
0,0.816754,0
0,0.886878,0
0,0.886878,0
0,0.886878,0
0,0.886878,0
0,0.886878,0
0,0.886878,0
0,0.886878,0
0,0.886878,0
0,0.886878,0
0,0.894977,0
0,0.801980,0
0,0.886878,0
0,0.886878,0
0,0.886792,0
0,0.886878,0
0,0.490323,0
0,0.865116,0
0,nan,0
0,0.845070,0
0,0.874419,0
0,0.894977,0
0,0.039604,0
0,nan,0
0,nan,0
0,nan,0
0,nan,0
0,0.400000,0
0,0.809249,0
0,nan,0
0,0.059406,0
0,nan,0
0,nan,0
0,nan,0
0,nan,0
0,nan,0
0,0.490323,0
0,nan,0
0,nan,0
0,0.070796,0
0,nan,0
0,0.601399,0
0,0.353846,0
0,nan,0
0,nan,0
0,0.886878,0
0,nan,0
0,0.666667,0
0,0.020202,0
0,0.075472,0
0,0.797872,0
0,nan,0
0,nan,0
0,nan,0
0,nan,0
0,nan,0
0,nan,0
0,0.866359,0
0,nan,0
0,nan,0
0,0.594595,0
0,nan,0
0,0.726257,0
0,0.859813,0
0,nan,0
0,nan,0
0,nan,0
0,0.492958,0
0,nan,0
0,nan,0
0,nan,0
0,nan,0
0,nan,0
0,nan,0
0,nan,0
0,nan,0
0,nan,0
0,nan,0
0,nan,0
0,nan,0
0,nan,0
0,nan,0
0,nan,0
0,nan,0
0,nan,0
0,nan,0
0,nan,0
0,nan,0
0,nan,0
0,nan,0
0,nan,0
0,nan,0
0,nan,0
0,nan,0
0,nan,0
0,nan,0
0,nan,0
0,nan,0
0,nan,0
0,nan,0
0,nan,0
0,nan,0
0,nan,0
0,nan,0
0,nan,0
0,nan,0
0,nan,0
0,nan,0
0,nan,0
0,nan,0
0,nan,0
0,nan,0
0,nan,0
0,nan,0
0,nan,0
0,nan,0
0,nan,0
0,nan,0
0,nan,0
0,nan,0
0,nan,0
0,nan,0
0,nan,0
0,0.000000,0
0,0.000000,0
0,0.000000,0
0,0.000000,0
0,0.000000,0
0,0.000000,0
0,0.000000,0
0,0.000000,0
0,0.000000,0
0,0.000000,0
0,0.000000,0
0,0.000000,0
0,0.000000,0
0,0.000000,0
0,0.000000,0
0,0.000000,0
0,0.000000,0
0,0.000000,0
0,0.000000,0
0,0.000000,0
0,0.000000,0
0,0.000000,0
0,0.000000,0
0,0.000000,0
0,0.000000,0
0,0.000000,0
0,0.000000,0
0,0.000000,0
0,0.000000,0
0,0.000000,0
0,0.000000,0
0,0.000000,0
0,0.000000,0
0,0.000000,0
0,0.000000,0
0,0.000000,0
0,0.000000,0
0,0.000000,0
0,0.000000,0
0,0.000000,0
0,0.000000,0
0,0.000000,0
0,0.000000,0
0,0.000000,0
0,0.000000,0
0,0.000000,0
0,0.000000,0
0,0.000000,0
0,0.000000,0
0,0.000000,0
0,0.000000,0
0,0.000000,0
0,0.000000,0
0,0.000000,0
0,0.400000,0
0,0.809249,0
0,0.000000,0
0,0.059406,0
0,0.000000,0
0,0.000000,0
0,0.000000,0
0,0.000000,0
0,0.000000,0
0,0.490323,0
0,0.000000,0
0,0.000000,0
0,0.070796,0
0,0.000000,0
0,0.601399,0
0,0.353846,0
0,0.000000,0
0,0.000000,0
0,0.000000,0
0,0.000000,0
0,0.666667,0
0,0.020202,0
0,0.075472,0
0,0.797872,0
0,0.000000,0
0,0.000000,0
0,0.000000,0
0,0.000000,0
0,0.000000,0
0,0.000000,0
0,0.866359,0
0,0.000000,0
0,0.000000,0
0,0.594595,0
0,0.000000,0
0,0.726257,0
0,0.859813,0
0,0.000000,0
0,0.000000,0
0,0.000000,0
0,0.492958,0
0,0.000000,0
0,0.000000,0
0,0.000000,0
0,0.000000,0
0,0.000000,0
0,0.000000,0
0,0.000000,0
0,0.400000,0
0,0.808081,0
0,0.000000,0
0,0.000000,0
0,0.000000,0
0,0.290598,0
0,0.000000,0
0,0.000000,0
0,0.758974,0
0,0.000000,0
0,0.000000,0
0,0.871560,0
0,0.000000,0
0,0.883721,0
0,0.000000,0
0,0.894231,0
0,0.653595,0
0,0.562874,0
0,0.038462,0
0,0.000000,0
0,0.000000,0
0,0.000000,0
0,0.000000,0
0,0.000000,0
0,0.000000,0
0,0.816754,0
0,0.000000,0
0,0.000000,0
0,0.000000,0
0,0.000000,0
0,0.000000,0
0,0.000000,0
0,0.000000,0
0,0.000000,0
0,0.000000,0
0,0.894977,0
0,0.801980,0
0,0.000000,0
0,0.000000,0
0,0.886792,0
0,0.000000,0
0,0.490323,0
0,0.865116,0
0,0.000000,0
0,0.845070,0
0,0.874419,0
0,0.894977,0
0,0.039604,0
0,0.000000,0
0,0.000000,0
0,0.400000,0
0,0.808081,0
0,0.000000,0
0,0.000000,0
0,0.000000,0
0,0.290598,0
0,0.000000,0
0,0.000000,0
0,0.758974,0
0,0.000000,0
0,0.000000,0
0,0.871560,0
0,0.000000,0
0,0.883721,0
0,0.000000,0
0,0.894231,0
0,0.653595,0
0,0.562874,0
0,0.038462,0
0,0.000000,0
0,0.000000,0
0,0.000000,0
0,0.000000,0
0,0.000000,0
0,0.000000,0
0,0.816754,0
0,0.000000,0
0,0.000000,0
0,0.000000,0
0,0.000000,0
0,0.000000,0
0,0.000000,0
0,0.000000,0
0,0.000000,0
0,0.000000,0
0,0.894977,0
0,0.801980,0
0,0.000000,0
0,0.000000,0
0,0.886792,0
0,0.000000,0
0,0.490323,0
0,0.865116,0
0,0.000000,0
0,0.845070,0
0,0.874419,0
0,0.894977,0
0,0.039604,0
0,0.000000,0
0,0.000000,0
0,0.400000,0
0,0.808081,0
0,0.000000,0
0,0.000000,0
0,0.000000,0
0,0.290598,0
0,0.000000,0
0,0.000000,0
0,0.758974,0
0,0.000000,0
0,0.000000,0
0,0.871560,0
0,0.000000,0
0,0.883721,0
0,0.000000,0
0,0.894231,0
0,0.653595,0
0,0.562874,0
0,0.038462,0
0,0.000000,0
0,0.000000,0
0,0.000000,0
0,0.000000,0
0,0.000000,0
0,0.000000,0
0,0.816754,0
0,0.000000,0
0,0.000000,0
0,0.000000,0
0,0.000000,0
0,0.000000,0
0,0.000000,0
0,0.000000,0
0,0.000000,0
0,0.000000,0
0,0.894977,0
0,0.801980,0
0,0.000000,0
0,0.000000,0
0,0.886792,0
0,0.000000,0
0,0.490323,0
0,0.865116,0
0,0.000000,0
0,0.845070,0
0,0.874419,0
0,0.894977,0
0,0.039604,0
0,0.000000,0
0,0.000000,0
0,0.400000,0
0,0.808081,0
0,0.000000,0
0,0.000000,0
0,0.000000,0
0,0.290598,0
0,0.000000,0
0,0.000000,0
0,0.758974,0
0,0.000000,0
0,0.000000,0
0,0.871560,0
0,0.000000,0
0,0.883721,0
0,0.000000,0
0,0.894231,0
0,0.653595,0
0,0.562874,0
0,0.038462,0
0,0.000000,0
0,0.000000,0
0,0.000000,0
0,0.000000,0
0,0.000000,0
0,0.000000,0
0,0.816754,0
0,0.000000,0
0,0.000000,0
0,0.000000,0
0,0.000000,0
0,0.000000,0
0,0.000000,0
0,0.000000,0
0,0.000000,0
0,0.000000,0
0,0.894977,0
0,0.801980,0
0,0.000000,0
0,0.000000,0
0,0.886792,0
0,0.000000,0
0,0.490323,0
0,0.865116,0
0,0.000000,0
0,0.845070,0
0,0.874419,0
0,0.894977,0
0,0.039604,0
0,0.000000,0
0,0.000000,0
0,0.400000,0
0,0.808081,0
0,0.000000,0
0,0.000000,0
0,0.000000,0
0,0.290598,0
0,0.000000,0
0,0.000000,0
0,0.758974,0
0,0.000000,0
0,0.000000,0
0,0.871560,0
0,0.000000,0
0,0.883721,0
0,0.000000,0
0,0.894231,0
0,0.653595,0
0,0.562874,0
0,0.038462,0
0,0.000000,0
0,0.000000,0
0,0.000000,0
0,0.000000,0
0,0.000000,0
0,0.000000,0
0,0.816754,0
0,0.000000,0
0,0.000000,0
0,0.000000,0
0,0.000000,0
0,0.000000,0
0,0.000000,0
0,0.000000,0
0,0.000000,0
0,0.000000,0
0,0.894977,0
0,0.801980,0
0,0.000000,0
0,0.000000,0
0,0.886792,0
0,0.000000,0
0,0.490323,0
0,0.865116,0
0,0.000000,0
0,0.845070,0
0,0.874419,0
0,0.894977,0
0,0.039604,0
0,0.000000,0
0,0.000000,0
0,0.400000,0
0,0.808081,0
0,0.000000,0
0,0.000000,0
0,0.000000,0
0,0.290598,0
0,0.000000,0
0,0.000000,0
0,0.758974,0
0,0.000000,0
0,0.000000,0
0,0.871560,0
0,0.000000,0
0,0.883721,0
0,0.000000,0
0,0.894231,0
0,0.653595,0
0,0.562874,0
0,0.038462,0
0,0.000000,0
0,0.000000,0
0,0.000000,0
0,0.000000,0
0,0.000000,0
0,0.000000,0
0,0.816754,0
0,0.000000,0
0,0.000000,0
0,0.000000,0
0,0.000000,0
0,0.000000,0
0,0.000000,0
0,0.000000,0
0,0.000000,0
0,0.000000,0
0,0.894977,0
0,0.801980,0
0,0.000000,0
0,0.000000,0
0,0.886792,0
0,0.000000,0
0,0.490323,0
0,0.865116,0
0,0.000000,0
0,0.845070,0
0,0.874419,0
0,0.894977,0
0,0.039604,0
0,0.000000,0
0,0.000000,0
0,0.020202,0
0,0.000000,0
0,0.000000,0
0,0.762431,0
0,0.000000,0
0,0.000000,0
0,0.000000,0
0,0.000000,0
0,0.000000,0
0,0.850829,0
0,0.836957,0
0,0.000000,0
0,0.885714,0
0,0.000000,0
0,0.000000,0
0,0.168224,0
0,0.000000,0
0,0.000000,0
0,0.000000,0
0,0.000000,0
0,0.000000,0
0,0.000000,0
0,0.000000,0
0,0.000000,0
0,0.285714,0
0,0.000000,0
0,0.144144,0
0,0.905660,0
0,0.000000,0
0,0.797927,0
0,0.000000,0
0,0.000000,0
0,0.847619,0
0,0.743169,0
0,0.000000,0
0,0.000000,0
0,0.000000,0
0,0.000000,0
0,0.812500,0
0,0.000000,0
0,0.000000,0
0,0.000000,0
0,0.000000,0
0,0.040000,0
0,0.000000,0
0,0.800000,0
0,0.000000,0
0,0.000000,0
0,0.886878,0
0,0.886878,0
0,0.400000,0
0,0.808081,0
0,0.886878,0
0,0.886878,0
0,0.886878,0
0,0.290598,0
0,0.000000,0
0,0.886878,0
0,0.758974,0
0,0.000000,0
0,0.886878,0
0,0.871560,0
0,0.886878,0
0,0.883721,0
0,0.886878,0
0,0.894231,0
0,0.653595,0
0,0.562874,0
0,0.038462,0
0,0.886878,0
0,0.886878,0
0,0.886878,0
0,0.886878,0
0,0.886878,0
0,0.886878,0
0,0.816754,0
0,0.886878,0
0,0.886878,0
0,0.886878,0
0,0.886878,0
0,0.886878,0
0,0.886878,0
0,0.886878,0
0,0.886878,0
0,0.886878,0
0,0.894977,0
0,0.801980,0
0,0.886878,0
0,0.886878,0
0,0.886792,0
0,0.886878,0
0,0.490323,0
0,0.865116,0
0,0.000000,0
0,0.845070,0
0,0.874419,0
0,0.894977,0
0,0.039604,0
0,0.886878,0
0,0.886878,0
0,0.020202,0
0,0.886878,0
0,0.886878,0
0,0.762431,0
0,0.000000,0
0,0.886878,0
0,0.886878,0
0,0.886878,0
0,0.886878,0
0,0.850829,0
0,0.836957,0
0,0.000000,0
0,0.885714,0
0,0.000000,0
0,0.886878,0
0,0.168224,0
0,0.886878,0
0,0.886878,0
0,0.886878,0
0,0.886878,0
0,0.886878,0
0,0.886878,0
0,0.000000,0
0,0.886878,0
0,0.285714,0
0,0.886878,0
0,0.144144,0
0,0.905660,0
0,0.886878,0
0,0.797927,0
0,0.886878,0
0,0.886878,0
0,0.847619,0
0,0.743169,0
0,0.886878,0
0,0.886878,0
0,0.886878,0
0,0.886878,0
0,0.812500,0
0,0.886878,0
0,0.886878,0
0,0.886878,0
0,0.886878,0
0,0.040000,0
0,0.886878,0
0,0.800000,0
0,0.886878,0
0,0.886878,0
0,0.000000,0
0,0.000000,0
0,0.000000,0
0,0.000000,0
0,0.400000,0
0,0.809249,0
0,0.000000,0
0,0.059406,0
0,0.000000,0
0,0.000000,0
0,0.000000,0
0,0.000000,0
0,0.000000,0
0,0.490323,0
0,0.000000,0
0,0.000000,0
0,0.070796,0
0,0.000000,0
0,0.601399,0
0,0.353846,0
0,0.000000,0
0,0.000000,0
0,0.886878,0
0,0.000000,0
0,0.666667,0
0,0.020202,0
0,0.075472,0
0,0.797872,0
0,0.000000,0
0,0.000000,0
0,0.000000,0
0,0.000000,0
0,0.000000,0
0,0.000000,0
0,0.866359,0
0,0.000000,0
0,0.000000,0
0,0.594595,0
0,0.000000,0
0,0.726257,0
0,0.859813,0
0,0.000000,0
0,0.000000,0
0,0.000000,0
0,0.492958,0
0,0.000000,0
0,0.000000,0
0,0.000000,0
0,0.000000,0
0,0.000000,0
0,0.425714,0
0,0.700408,0
0,0.442041,0
0,0.615918,0
0,0.299592,0
0,0.768571,0
0,0.521633,0
0,0.554694,0
0,0.583673,0
0,0.461224,0
0,0.444082,0
0,0.420816,0
0,0.343265,0
0,0.303265,0
0,0.525306,0
0,0.547755,0
0,0.291429,0
0,0.720408,0
0,0.688571,0
0,0.335510,0
0,0.315510,0
0,0.680408,0
0,0.435102,0
0,0.424082,0
0,0.575102,0
0,0.454286,0
0,0.356735,0
0,0.609388,0
0,0.364898,0
0,0.780000,0
0,0.636735,0
0,0.374286,0
0,0.742449,0
0,0.521633,0
0,0.606939,0
0,0.579184,0
0,0.395918,0
0,0.581633,0
0,0.449796,0
0,0.518776,0
0,0.587755,0
0,0.529388,0
0,0.768571,0
0,0.411020,0
0,0.517551,0
0,0.363673,0
0,0.272245,0
0,0.506939,0
0,0.344898,0
0,0.473061,0
0,0.425714,0
0,0.700408,0
0,0.442041,0
0,0.615918,0
0,0.299592,0
0,0.768571,0
0,0.521633,0
0,0.554694,0
0,0.583673,0
0,0.461224,0
0,0.444082,0
0,0.420816,0
0,0.343265,0
0,0.303265,0
0,0.525306,0
0,0.547755,0
0,0.291429,0
0,0.720408,0
0,0.688571,0
0,0.335510,0
0,0.315510,0
0,0.680408,0
0,0.435102,0
0,0.424082,0
0,0.575102,0
0,0.454286,0
0,0.356735,0
0,0.609388,0
0,0.364898,0
0,0.780000,0
0,0.636735,0
0,0.374286,0
0,0.742449,0
0,0.521633,0
0,0.606939,0
0,0.579184,0
0,0.395918,0
0,0.581633,0
0,0.449796,0
0,0.518776,0
0,0.587755,0
0,0.529388,0
0,0.768571,0
0,0.411020,0
0,0.517551,0
0,0.363673,0
0,0.272245,0
0,0.506939,0
0,0.344898,0
0,0.473061,0
0,0.284082,0
0,0.356327,0
0,0.348571,0
0,0.607347,0
0,0.512653,0
0,0.494286,0
0,0.727347,0
0,0.320816,0
0,0.521224,0
0,0.421224,0
0,0.580000,0
0,0.844082,0
0,0.722449,0
0,0.681633,0
0,0.737959,0
0,0.591020,0
0,0.291429,0
0,0.853061,0
0,0.635918,0
0,0.453061,0
0,0.444490,0
0,0.520000,0
0,0.291429,0
0,0.648571,0
0,0.658776,0
0,0.521633,0
0,0.511020,0
0,0.525306,0
0,0.282857,0
0,0.712653,0
0,0.291429,0
0,0.529388,0
0,0.521633,0
0,0.356735,0
0,0.300816,0
0,0.613878,0
0,0.584490,0
0,0.681633,0
0,0.742041,0
0,0.261224,0
0,0.617959,0
0,0.490612,0
0,0.427755,0
0,0.466939,0
0,0.451020,0
0,0.453061,0
0,0.572245,0
0,0.378367,0
0,0.375510,0
0,0.521633,0
0,0.691429,0
0,0.521633,0
0,0.720408,0
0,0.536327,0
0,0.581224,0
0,0.323673,0
0,0.615510,0
0,0.622449,0
0,0.607755,0
0,0.485306,0
0,0.548571,0
0,0.424490,0
0,0.521633,0
0,0.302857,0
0,0.531020,0
0,0.583673,0
0,0.345306,0
0,0.607347,0
0,0.309796,0
0,0.425306,0
0,0.573061,0
0,0.261224,0
0,0.385306,0
0,0.451429,0
0,0.291429,0
0,0.669796,0
0,0.521633,0
0,0.693061,0
0,0.542449,0
0,0.464898,0
0,0.586122,0
0,0.487347,0
0,0.469796,0
0,0.413061,0
0,0.521633,0
0,0.766122,0
0,0.288571,0
0,0.529388,0
0,0.521633,0
0,0.189796,0
0,0.321633,0
0,0.291429,0
0,0.617551,0
0,0.515510,0
0,0.224898,0
0,0.633469,0
0,0.787347,0
0,0.605714,0
0,0.487347,0
0,0.392653,0
0,0.531020,0
0,0.687347,0
0,0.325306,0
0,0.574286,0
0,0.521633,0
0,0.588571,0
0,0.563265,0
0,0.320000,0
0,0.581633,0
0,0.398776,0
0,0.711020,0
0,0.574286,0
0,0.548571,0
0,0.431837,0
0,0.497959,0
0,0.720000,0
0,0.639592,0
0,0.708980,0
0,0.417959,0
0,0.717551,0
0,0.631429,0
0,0.434694,0
0,0.433061,0
0,0.606122,0
0,0.521633,0
0,0.561224,0
0,0.320000,0
0,0.746531,0
0,0.224082,0
0,0.451020,0
0,0.619592,0
0,0.521633,0
0,0.340000,0
0,0.510204,0
0,0.325306,0
0,0.681633,0
0,0.549388,0
0,0.521633,0
0,0.521633,0
0,0.667347,0
0,0.520408,0
0,0.563265,0
0,0.607347,0
0,0.548571,0
0,0.496327,0
0,0.368163,0
0,0.290612,0
0,0.607347,0
0,0.669388,0
0,0.454286,0
0,0.719184,0
0,0.311020,0
0,0.631837,0
0,0.521633,0
0,0.320408,0
0,0.660408,0
0,0.558776,0
0,0.263673,0
0,0.433469,0
0,0.592245,0
0,0.615510,0
0,0.478367,0
0,0.552245,0
0,0.665714,0
0,0.291837,0
0,0.681633,0
0,0.346122,0
0,0.163265,0
0,0.590612,0
0,0.346531,0
0,0.450612,0
0,0.577959,0
0,0.512653,0
0,0.526531,0
0,0.443673,0
0,0.534286,0
0,0.512245,0
0,0.644490,0
0,0.541633,0
0,0.261224,0
0,0.588571,0
0,0.471020,0
0,0.588571,0
0,0.294694,0
0,0.539184,0
0,0.490204,0
0,0.521633,0
0,0.688163,0
0,0.768571,0
0,0.532653,0
0,0.494286,0
0,0.758367,0
0,0.675918,0
0,0.324082,0
0,0.628571,0
0,0.615510,0
0,0.564898,0
0,0.364898,0
0,0.708980,0
0,0.696735,0
0,0.454694,0
0,0.514694,0
0,0.732653,0
0,0.526531,0
0,0.521633,0
0,0.732245,0
0,0.495918,0
0,0.333469,0
0,0.305306,0
0,0.724082,0
0,0.455918,0
0,0.322041,0
0,0.607347,0
0,0.681633,0
0,0.484082,0
0,0.306531,0
0,0.624490,0
0,0.521633,0
0,0.589388,0
0,0.568571,0
0,0.722041,0
0,0.348163,0
0,0.701224,0
0,0.491429,0
0,0.691429,0
0,0.750204,0
0,0.680408,0
0,0.478776,0
0,0.570612,0
0,0.629388,0
0,0.478776,0
0,0.291429,0
0,0.666122,0
0,0.333878,0
0,0.628571,0
0,0.521633,0
0,0.440408,0
0,0.746531,0
0,0.325306,0
0,0.495918,0
0,0.662449,0
0,0.608980,0
0,0.435102,0
0,0.685306,0
0,0.605714,0
0,0.471020,0
0,0.688571,0
0,0.548571,0
0,0.548980,0
0,0.687347,0
0,0.525714,0
0,0.571020,0
0,0.667347,0
0,0.646531,0
0,0.514694,0
0,0.288571,0
0,0.546939,0
0,0.677551,0
0,0.446939,0
0,0.388980,0
0,0.630612,0
0,0.480000,0
0,0.335102,0
0,0.493469,0
0,0.636327,0
0,0.681633,0
0,0.428980,0
0,0.731020,0
0,0.253061,0
0,0.587347,0
0,0.393061,0
0,0.634286,0
0,0.356735,0
0,0.521633,0
0,0.237143,0
0,0.628571,0
0,0.421224,0
0,0.400000,0
0,0.488980,0
0,0.730204,0
0,0.521633,0
0,0.578776,0
0,0.243265,0
0,0.624490,0
0,0.666122,0
0,0.691837,0
0,0.281633,0
0,0.536735,0
0,0.415102,0
0,0.429796,0
0,0.338776,0
0,0.509796,0
0,0.688163,0
0,0.457959,0
0,0.787347,0
0,0.538776,0
0,0.535918,0
0,0.605714,0
0,0.541224,0
0,0.510204,0
0,0.521633,0
0,0.325306,0
0,0.607347,0
0,0.332245,0
0,0.605714,0
0,0.601224,0
0,0.677959,0
0,0.575102,0
0,0.742449,0
0,0.590612,0
0,0.521633,0
0,0.467755,0
0,0.184898,0
0,0.819184,0
0,0.326939,0
0,0.445714,0
0,0.266939,0
0,0.471429,0
0,0.524490,0
0,0.235918,0
0,0.431020,0
0,0.518776,0
0,0.532245,0
0,0.421224,0
0,0.733469,0
0,0.398776,0
0,0.322449,0
0,0.673061,0
0,0.308571,0
0,0.684490,0
0,0.548980,0
0,0.324898,0
0,0.688571,0
0,0.447347,0
0,0.577551,0
0,0.448980,0
0,0.657959,0
0,0.521224,0
0,0.782449,0
0,0.611429,0
0,0.729388,0
0,0.557551,0
0,0.592245,0
0,0.575918,0
0,0.607347,0
0,0.357143,0
0,0.521633,0
0,0.521633,0
0,0.583265,0
0,0.325306,0
0,0.500816,0
0,0.471837,0
0,0.588571,0
0,0.521633,0
0,0.474694,0
0,0.721633,0
0,0.239592,0
0,0.444082,0
0,0.348980,0
0,0.521633,0
0,0.844898,0
0,0.463673,0
0,0.360408,0
0,0.570204,0
0,0.510204,0
0,0.514694,0
0,0.659592,0
0,0.527755,0
0,0.217551,0
0,0.588980,0
0,0.569388,0
0,0.534694,0
0,0.513061,0
0,0.430204,0
0,0.608571,0
0,0.784898,0
0,0.525306,0
0,0.310204,0
0,0.692653,0
0,0.426531,0
0,0.667347,0
0,0.804490,0
0,0.636327,0
0,0.720000,0
0,0.460000,0
0,0.619184,0
0,0.517959,0
0,0.463265,0
0,0.422449,0
0,0.494286,0
0,0.521633,0
0,0.428571,0
0,0.577959,0
0,0.630204,0
0,0.372653,0
0,0.584082,0
0,0.729796,0
0,0.376735,0
0,0.531020,0
0,0.631020,0
0,0.667755,0
0,0.613469,0
0,0.236327,0
0,0.471429,0
0,0.455102,0
0,0.742449,0
0,0.439184,0
0,0.698367,0
0,0.497143,0
0,0.545714,0
0,0.520000,0
0,0.699184,0
0,0.471837,0
0,0.390204,0
0,0.339184,0
0,0.489388,0
0,0.697551,0
0,0.666531,0
0,0.556327,0
0,0.693061,0
0,0.421224,0
0,0.666531,0
0,0.521633,0
0,0.518367,0
0,0.510612,0
0,0.618367,0
0,0.521633,0
0,0.607347,0
0,0.534286,0
0,0.646939,0
0,0.581633,0
0,0.317959,0
0,0.628163,0
0,0.325306,0
0,0.704082,0
0,0.757959,0
0,0.574694,0
0,0.788571,0
0,0.467347,0
0,0.374286,0
0,0.584490,0
0,0.153878,0
0,0.521633,0
0,0.253878,0
0,0.571020,0
0,0.615918,0
0,0.632245,0
0,0.351429,0
0,0.369388,0
0,0.514694,0
0,0.521633,0
0,0.521633,0
0,0.521633,0
0,0.521633,0
0,0.521633,0
0,0.521633,0
0,0.521633,0
0,0.521633,0
0,0.521633,0
0,0.521633,0
0,0.521633,0
0,0.521633,0
0,0.521633,0
0,0.521633,0
0,0.521633,0
0,0.521633,0
0,0.521633,0
0,0.521633,0
0,0.521633,0
0,0.521633,0
0,0.521633,0
0,0.521633,0
0,0.521633,0
0,0.521633,0
0,0.521633,0
0,0.521633,0
0,0.521633,0
0,0.521633,0
0,0.521633,0
0,0.521633,0
0,0.521633,0
0,0.521633,0
0,0.521633,0
0,0.521633,0
0,0.521633,0
0,0.521633,0
0,0.521633,0
0,0.521633,0
0,0.521633,0
0,0.521633,0
0,0.521633,0
0,0.521633,0
0,0.521633,0
0,0.521633,0
0,0.521633,0
0,0.521633,0
0,0.521633,0
0,0.521633,0
0,0.521633,0
0,0.521633,0
0,0.521633,0
0,0.521633,0
0,0.521633,0
0,0.521633,0
0,0.521633,0
0,0.521633,0
0,0.521633,0
0,0.521633,0
0,0.521633,0
0,0.521633,0
0,0.521633,0
0,0.521633,0
0,0.521633,0
0,0.521633,0
0,0.521633,0
0,0.521633,0
0,0.521633,0
0,0.521633,0
0,0.521633,0
0,0.521633,0
0,0.521633,0
0,0.521633,0
0,0.521633,0
0,0.521633,0
0,0.521633,0
0,0.521633,0
0,0.521633,0
0,0.521633,0
0,0.521633,0
0,0.521633,0
0,0.521633,0
0,0.521633,0
0,0.521633,0
0,0.521633,0
0,0.521633,0
0,0.521633,0
0,0.521633,0
0,0.521633,0
0,0.521633,0
0,0.521633,0
0,0.521633,0
0,0.521633,0
0,0.521633,0
0,0.521633,0
0,0.521633,0
0,0.521633,0
0,0.521633,0
0,0.521633,0
0,0.521633,0
0,0.521633,0
0,0.521633,0
0,0.521633,0
0,0.521633,0
0,0.521633,0
0,0.521633,0
0,0.521633,0
0,0.521633,0
0,0.521633,0
0,0.521633,0
0,0.521633,0
0,0.521633,0
0,0.521633,0
0,0.521633,0
0,0.521633,0
0,0.521633,0
0,0.521633,0
0,0.521633,0
0,0.521633,0
0,0.521633,0
0,0.521633,0
0,0.521633,0
0,0.521633,0
0,0.521633,0
0,0.521633,0
0,0.521633,0
0,0.521633,0
0,0.521633,0
0,0.521633,0
0,0.521633,0
0,0.521633,0
0,0.521633,0
0,0.521633,0
0,0.521633,0
0,0.521633,0
0,0.521633,0
0,0.521633,0
0,0.521633,0
0,0.521633,0
0,0.521633,0
0,0.521633,0
0,0.521633,0
0,0.521633,0
0,0.521633,0
0,0.521633,0
0,0.521633,0
0,0.521633,0
0,0.521633,0
0,0.521633,0
0,0.521633,0
0,0.521633,0
0,0.521633,0
0,0.521633,0
0,0.521633,0
0,0.521633,0
0,0.521633,0
0,0.521633,0
0,0.521633,0
0,0.521633,0
0,0.521633,0
0,0.521633,0
0,0.521633,0
0,0.521633,0
0,0.521633,0
0,0.521633,0
0,0.521633,0
0,0.521633,0
0,0.521633,0
0,0.521633,0
0,0.521633,0
0,0.521633,0
0,0.521633,0
0,0.521633,0
0,0.521633,0
0,0.521633,0
0,0.521633,0
0,0.521633,0
0,0.521633,0
0,0.521633,0
0,0.521633,0
0,0.521633,0
0,0.521633,0
0,0.521633,0
0,0.521633,0
0,0.521633,0
0,0.521633,0
0,0.521633,0
0,0.521633,0
0,0.521633,0
0,0.521633,0
0,0.521633,0
0,0.521633,0
0,0.521633,0
0,0.521633,0
0,0.521633,0
0,0.521633,0
0,0.521633,0
0,0.521633,0
0,0.521633,0
0,0.521633,0
0,0.521633,0
0,0.521633,0
0,0.521633,0
0,0.521633,0
0,0.521633,0
0,0.521633,0
0,0.521633,0
0,0.521633,0
0,0.521633,0
0,0.521633,0
0,0.521633,0
0,0.521633,0
0,0.521633,0
0,0.521633,0
0,0.521633,0
0,0.521633,0
0,0.521633,0
0,0.521633,0
0,0.521633,0
0,0.521633,0
0,0.521633,0
0,0.521633,0
0,0.521633,0
0,0.521633,0
0,0.521633,0
0,0.521633,0
0,0.521633,0
0,0.521633,0
0,0.521633,0
0,0.521633,0
0,0.521633,0
0,0.521633,0
0,0.521633,0
0,0.521633,0
0,0.521633,0
0,0.521633,0
0,0.521633,0
0,0.521633,0
0,0.521633,0
0,0.521633,0
0,0.521633,0
0,0.521633,0
0,0.521633,0
0,0.521633,0
0,0.521633,0
0,0.521633,0
0,0.521633,0
0,0.521633,0
0,0.521633,0
0,0.521633,0
0,0.521633,0
0,0.521633,0
0,0.521633,0
0,0.521633,0
0,0.521633,0
0,0.521633,0
0,0.521633,0
0,0.521633,0
0,0.521633,0
0,0.521633,0
0,0.521633,0
0,0.521633,0
0,0.521633,0
0,0.521633,0
0,0.521633,0
0,0.521633,0
0,0.521633,0
0,0.521633,0
0,0.521633,0
0,0.521633,0
0,0.521633,0
0,0.521633,0
0,0.521633,0
0,0.521633,0
0,0.521633,0
0,0.521633,0
0,0.521633,0
0,0.521633,0
0,0.521633,0
0,0.521633,0
0,0.521633,0
0,0.521633,0
0,0.521633,0
0,0.521633,0
0,0.521633,0
0,0.521633,0
0,0.521633,0
0,0.521633,0
0,0.521633,0
0,0.521633,0
0,0.521633,0
0,0.521633,0
0,0.521633,0
0,0.521633,0
0,0.521633,0
0,0.521633,0
0,0.521633,0
0,0.521633,0
0,0.521633,0
0,0.521633,0
0,0.521633,0
0,0.521633,0
0,0.521633,0
0,0.521633,0
0,0.521633,0
0,0.521633,0
0,0.521633,0
0,0.521633,0
0,0.521633,0
0,0.521633,0
0,0.521633,0
0,0.521633,0
0,0.521633,0
0,0.521633,0
0,0.521633,0
0,0.521633,0
0,0.521633,0
0,0.521633,0
0,0.521633,0
0,0.521633,0
0,0.521633,0
0,0.521633,0
0,0.521633,0
0,0.521633,0
0,0.521633,0
0,0.521633,0
0,0.521633,0
0,0.521633,0
0,0.521633,0
0,0.521633,0
0,0.521633,0
0,0.521633,0
0,0.521633,0
0,0.521633,0
0,0.521633,0
0,0.521633,0
0,0.521633,0
0,0.521633,0
0,0.521633,0
0,0.521633,0
0,0.521633,0
0,0.521633,0
0,0.521633,0
0,0.521633,0
0,0.521633,0
0,0.521633,0
0,0.521633,0
0,0.521633,0
0,0.521633,0
0,0.521633,0
0,0.521633,0
0,0.521633,0
0,0.521633,0
0,0.521633,0
0,0.521633,0
0,0.521633,0
0,0.521633,0
0,0.521633,0
0,0.521633,0
0,0.521633,0
0,0.521633,0
0,0.521633,0
0,0.521633,0
0,0.521633,0
0,0.521633,0
0,0.521633,0
0,0.521633,0
0,0.521633,0
0,0.521633,0
0,0.521633,0
0,0.521633,0
0,0.521633,0
0,0.521633,0
0,0.521633,0
0,0.521633,0
0,0.521633,0
0,0.521633,0
0,0.521633,0
0,0.521633,0
0,0.521633,0
0,0.521633,0
0,0.521633,0
0,0.521633,0
0,0.521633,0
0,0.521633,0
0,0.521633,0
0,0.521633,0
0,0.521633,0
0,0.521633,0
0,0.521633,0
0,0.521633,0
0,0.521633,0
0,0.521633,0
0,0.521633,0
0,0.521633,0
0,0.521633,0
0,0.521633,0
0,0.521633,0
0,0.521633,0
0,0.521633,0
0,0.521633,0
0,0.521633,0
0,0.521633,0
0,0.521633,0
0,0.521633,0
0,0.521633,0
0,0.521633,0
0,0.521633,0
0,0.521633,0
0,0.521633,0
0,0.521633,0
0,0.521633,0
0,0.521633,0
0,0.521633,0
0,0.521633,0
0,0.521633,0
0,0.521633,0
0,0.521633,0
0,0.521633,0
0,0.521633,0
0,0.521633,0
0,0.521633,0
0,0.521633,0
0,0.521633,0
0,0.521633,0
0,0.521633,0
0,0.521633,0
0,0.521633,0
0,0.521633,0
0,0.521633,0
0,0.521633,0
0,0.521633,0
0,0.521633,0
0,0.521633,0
0,0.521633,0
0,0.521633,0
0,0.521633,0
0,0.521633,0
0,0.521633,0
0,0.521633,0
0,0.521633,0
0,0.521633,0
0,0.521633,0
0,0.521633,0
0,0.521633,0
0,0.521633,0
0,0.521633,0
0,0.521633,0
0,0.521633,0
0,0.521633,0
0,0.521633,0
0,0.521633,0
0,0.521633,0
0,0.521633,0
0,0.521633,0
0,0.521633,0
0,0.521633,0
0,0.521633,0
0,0.521633,0
0,0.521633,0
0,0.521633,0
0,0.521633,0
0,0.521633,0
0,0.521633,0
0,0.521633,0
0,0.521633,0
0,0.521633,0
0,0.521633,0
0,0.521633,0
0,0.521633,0
0,0.521633,0
0,0.521633,0
0,0.521633,0
0,0.521633,0
0,0.521633,0
0,0.521633,0
0,0.521633,0
0,0.521633,0
0,0.521633,0
0,0.521633,0
0,0.521633,0
0,0.521633,0
0,0.521633,0
0,0.521633,0
0,0.521633,0
0,0.521633,0
0,0.521633,0
0,0.521633,0
0,0.521633,0
0,0.521633,0
0,0.521633,0
0,0.521633,0
0,0.521633,0
0,0.521633,0
0,0.521633,0
0,0.521633,0
0,0.521633,0
0,0.521633,0
0,0.521633,0
0,0.521633,0
0,0.521633,0
0,0.521633,0
0,0.521633,0
0,0.521633,0
0,0.521633,0
0,0.521633,0
0,0.521633,0
0,0.521633,0
0,0.521633,0
0,0.521633,0
0,0.521633,0
0,0.521633,0
0,0.521633,0
0,0.521633,0
0,0.521633,0
0,0.521633,0
0,0.521633,0
0,0.521633,0
0,0.521633,0
0,0.521633,0
0,0.521633,0
0,0.521633,0
0,0.521633,0
0,0.521633,0
0,0.521633,0
0,0.521633,0
0,0.521633,0
0,0.521633,0
0,0.521633,0
0,0.521633,0
0,0.521633,0
0,0.521633,0
0,0.521633,0
0,0.521633,0
0,0.521633,0
0,0.521633,0
0,0.521633,0
0,0.521633,0
0,0.521633,0
0,0.521633,0
0,0.521633,0
0,0.521633,0
0,0.521633,0
0,0.521633,0
0,0.521633,0
0,0.521633,0
0,0.521633,0
0,0.521633,0
0,0.521633,0
0,0.521633,0
0,0.521633,0
0,0.521633,0
0,0.521633,0
0,0.521633,0
0,0.521633,0
0,0.521633,0
0,0.521633,0
0,0.521633,0
0,0.521633,0
0,0.521633,0
0,0.521633,0
0,0.521633,0
0,0.521633,0
0,0.521633,0
0,0.521633,0
0,0.521633,0
0,0.521633,0
0,0.521633,0
0,0.521633,0
0,0.521633,0
0,0.521633,0
0,0.521633,0
0,0.521633,0
0,0.521633,0
0,0.521633,0
0,0.521633,0
0,0.521633,0
0,0.521633,0
0,0.521633,0
0,0.521633,0
0,0.521633,0
0,0.521633,0
0,0.521633,0
0,0.521633,0
0,0.521633,0
0,0.521633,0
0,0.521633,0
0,0.521633,0
0,0.521633,0
0,0.521633,0
0,0.521633,0
0,0.521633,0
0,0.521633,0
0,0.521633,0
0,0.521633,0
0,0.521633,0
0,0.521633,0
0,0.521633,0
0,0.521633,0
0,0.521633,0
0,0.521633,0
0,0.521633,0
0,0.521633,0
0,0.521633,0
0,0.521633,0
0,0.521633,0
0,0.521633,0
0,0.521633,0
0,0.521633,0
0,0.521633,0
0,0.521633,0
0,0.521633,0
0,0.521633,0
0,0.521633,0
0,0.521633,0
0,0.521633,0
0,0.521633,0
0,0.521633,0
0,0.521633,0
0,0.521633,0
0,0.521633,0
0,0.521633,0
0,0.521633,0
0,0.521633,0
0,0.521633,0
0,0.521633,0
0,0.521633,0
0,0.521633,0
0,0.521633,0
0,0.521633,0
0,0.521633,0
0,0.521633,0
0,0.521633,0
0,0.521633,0
0,0.521633,0
0,0.521633,0
0,0.521633,0
0,0.521633,0
0,0.521633,0
0,0.521633,0
0,0.521633,0
0,0.521633,0
0,0.521633,0
0,0.521633,0
0,0.521633,0
0,0.521633,0
0,0.521633,0
0,0.521633,0
0,0.521633,0
0,0.521633,0
0,0.521633,0
0,0.521633,0
0,0.521633,0
0,0.521633,0
0,0.521633,0
0,0.521633,0
0,0.521633,0
0,0.521633,0
0,0.521633,0
0,0.521633,0
0,0.521633,0
0,0.521633,0
0,0.521633,0
0,0.521633,0
0,0.521633,0
0,0.521633,0
0,0.521633,0
0,0.521633,0
0,0.521633,0
0,0.521633,0
0,0.521633,0
0,0.521633,0
0,0.521633,0
0,0.521633,0
0,0.521633,0
0,0.521633,0
0,0.521633,0
0,0.521633,0
0,0.521633,0
0,0.521633,0
0,0.521633,0
0,0.521633,0
0,0.521633,0
0,0.521633,0
0,0.521633,0
0,0.521633,0
0,0.521633,0
0,0.521633,0
0,0.521633,0
0,0.521633,0
0,0.521633,0
0,0.521633,0
0,0.521633,0
0,0.521633,0
0,0.521633,0
0,0.521633,0
0,0.521633,0
0,0.521633,0
0,0.521633,0
0,0.521633,0
0,0.521633,0
0,0.521633,0
0,0.521633,0
0,0.521633,0
0,0.521633,0
0,0.521633,0
0,0.521633,0
0,0.521633,0
0,0.521633,0
0,0.521633,0
0,0.521633,0
0,0.521633,0
0,0.521633,0
0,0.521633,0
0,0.521633,0
0,0.521633,0
0,0.521633,0
0,0.521633,0
0,0.521633,0
0,0.521633,0
0,0.521633,0
0,0.521633,0
0,0.521633,0
0,0.521633,0
0,0.521633,0
0,0.521633,0
0,0.521633,0
0,0.521633,0
0,0.521633,0
0,0.521633,0
0,0.521633,0
0,0.521633,0
0,0.521633,0
0,0.521633,0
0,0.521633,0
0,0.521633,0
0,0.521633,0
0,0.521633,0
0,0.521633,0
0,0.521633,0
0,0.521633,0
0,0.521633,0
0,0.521633,0
0,0.521633,0
0,0.521633,0
0,0.521633,0
0,0.521633,0
0,0.521633,0
0,0.521633,0
0,0.521633,0
0,0.521633,0
0,0.521633,0
0,0.521633,0
0,0.521633,0
0,0.521633,0
0,0.521633,0
0,0.521633,0
0,0.521633,0
0,0.521633,0
0,0.521633,0
0,0.521633,0
0,0.521633,0
0,0.521633,0
0,0.521633,0
0,0.521633,0
0,0.521633,0
0,0.521633,0
0,0.521633,0
0,0.521633,0
0,0.521633,0
0,0.521633,0
0,0.521633,0
0,0.521633,0
0,0.521633,0
0,0.521633,0
0,0.521633,0
0,0.521633,0
0,0.521633,0
0,0.521633,0
0,0.521633,0
0,0.521633,0
0,0.521633,0
0,0.521633,0
0,0.521633,0
0,0.521633,0
0,0.521633,0
0,0.521633,0
0,0.521633,0
0,0.521633,0
0,0.521633,0
0,0.521633,0
0,0.521633,0
0,0.521633,0
0,0.521633,0
0,0.521633,0
0,0.521633,0
0,0.521633,0
0,0.521633,0
0,0.521633,0
0,0.521633,0
0,0.521633,0
0,0.521633,0
0,0.521633,0
0,0.521633,0
0,0.521633,0
0,0.521633,0
0,0.521633,0
0,0.521633,0
0,0.521633,0
0,0.521633,0
0,0.521633,0
0,0.521633,0
0,0.521633,0
0,0.521633,0
0,0.521633,0
0,0.521633,0
0,0.521633,0
0,0.521633,0
0,0.521633,0
0,0.521633,0
0,0.521633,0
0,0.521633,0
0,0.521633,0
0,0.521633,0
0,0.521633,0
0,0.521633,0
0,0.521633,0
0,0.521633,0
0,0.521633,0
0,0.521633,0
0,0.521633,0
0,0.521633,0
0,0.521633,0
0,0.521633,0
0,0.521633,0
0,0.521633,0
0,0.521633,0
0,0.521633,0
0,0.521633,0
0,0.521633,0
0,0.521633,0
0,0.521633,0
0,0.521633,0
0,0.521633,0
0,0.521633,0
0,0.521633,0
0,0.521633,0
0,0.521633,0
0,0.521633,0
0,0.521633,0
0,0.521633,0
0,0.521633,0
0,0.521633,0
0,0.521633,0
0,0.521633,0
0,0.521633,0
0,0.521633,0
0,0.521633,0
0,0.521633,0
0,0.521633,0
0,0.521633,0
0,0.521633,0
0,0.521633,0
0,0.521633,0
0,0.521633,0
0,0.521633,0
0,0.521633,0
0,0.521633,0
0,0.521633,0
0,0.521633,0
0,0.521633,0
0,0.521633,0
0,0.521633,0
0,0.521633,0
0,0.521633,0
0,0.521633,0
0,0.521633,0
0,0.521633,0
0,0.521633,0
0,0.521633,0
0,0.521633,0
0,0.521633,0
0,0.521633,0
0,0.521633,0
0,0.521633,0
0,0.521633,0
0,0.521633,0
0,0.521633,0
0,0.521633,0
0,0.521633,0
0,0.521633,0
0,0.521633,0
0,0.521633,0
0,0.521633,0
0,0.521633,0
0,0.521633,0
0,0.521633,0
0,0.521633,0
0,0.521633,0
0,0.521633,0
0,0.521633,0
0,0.521633,0
0,0.521633,0
0,0.521633,0
0,0.521633,0
0,0.521633,0
0,0.521633,0
0,0.521633,0
0,0.521633,0
0,0.521633,0
0,0.521633,0
0,0.521633,0
0,0.521633,0
0,0.521633,0
0,0.521633,0
0,0.521633,0
0,0.521633,0
0,0.521633,0
0,0.521633,0
0,0.521633,0
0,0.521633,0
0,0.521633,0
0,0.521633,0
0,0.521633,0
0,0.521633,0
0,0.521633,0
0,0.521633,0
0,0.521633,0
0,0.521633,0
0,0.521633,0
0,0.521633,0
0,0.521633,0
0,0.521633,0
0,0.521633,0
0,0.521633,0
0,0.521633,0
0,0.521633,0
0,0.521633,0
0,0.521633,0
0,0.521633,0
0,0.521633,0
0,0.521633,0
0,0.521633,0
0,0.521633,0
0,0.521633,0
0,0.521633,0
0,0.521633,0
0,0.521633,0
0,0.521633,0
0,0.521633,0
0,0.521633,0
0,0.521633,0
0,0.521633,0
0,0.521633,0
0,0.521633,0
0,0.521633,0
0,0.521633,0
0,0.521633,0
0,0.521633,0
0,0.521633,0
0,0.521633,0
0,0.521633,0
0,0.521633,0
0,0.521633,0
0,0.521633,0
0,0.521633,0
0,0.521633,0
0,0.521633,0
0,0.521633,0
0,0.521633,0
0,0.521633,0
0,0.521633,0
0,0.521633,0
0,0.521633,0
0,0.521633,0
0,0.521633,0
0,0.521633,0
0,0.521633,0
0,0.521633,0
0,0.521633,0
0,0.521633,0
0,0.521633,0
0,0.521633,0
0,0.521633,0
0,0.521633,0
0,0.521633,0
0,0.521633,0
0,0.521633,0
0,0.521633,0
0,0.521633,0
0,0.521633,0
0,0.521633,0
0,0.521633,0
0,0.521633,0
0,0.521633,0
0,0.521633,0
0,0.521633,0
0,0.521633,0
0,0.521633,0
0,0.521633,0
0,0.521633,0
0,0.521633,0
0,0.521633,0
0,0.521633,0
0,0.521633,0
0,0.521633,0
0,0.521633,0
0,0.521633,0
0,0.521633,0
0,0.521633,0
0,0.521633,0
0,0.521633,0
0,0.521633,0
0,0.521633,0
0,0.521633,0
0,0.521633,0
0,0.521633,0
0,0.521633,0
0,0.521633,0
0,0.521633,0
0,0.521633,0
0,0.521633,0
0,0.521633,0
0,0.521633,0
0,0.521633,0
0,0.521633,0
0,0.521633,0
0,0.521633,0
0,0.521633,0
0,0.521633,0
0,0.521633,0
0,0.521633,0
0,0.521633,0
0,0.521633,0
0,0.521633,0
0,0.521633,0
0,0.521633,0
0,0.521633,0
0,0.521633,0
0,0.521633,0
0,0.521633,0
0,0.521633,0
0,0.521633,0
0,0.521633,0
0,0.521633,0
0,0.521633,0
0,0.521633,0
0,0.521633,0
0,0.521633,0
0,0.521633,0
0,0.521633,0
0,0.521633,0
0,0.521633,0
0,0.521633,0
0,0.521633,0
0,0.521633,0
0,0.521633,0
0,0.521633,0
0,0.521633,0
0,0.521633,0
0,0.521633,0
0,0.521633,0
0,0.521633,0
0,0.521633,0
0,0.521633,0
0,0.521633,0
0,0.521633,0
0,0.521633,0
0,0.521633,0
0,0.521633,0
0,0.521633,0
0,0.521633,0
0,0.521633,0
0,0.521633,0
0,0.521633,0
0,0.521633,0
0,0.521633,0
0,0.521633,0
0,0.521633,0
0,0.521633,0
0,0.521633,0
0,0.521633,0
0,0.521633,0
0,0.521633,0
0,0.521633,0
0,0.521633,0
0,0.521633,0
0,0.521633,0
0,0.521633,0
0,0.521633,0
0,0.521633,0
0,0.521633,0
0,0.521633,0
0,0.521633,0
0,0.521633,0
0,0.521633,0
0,0.521633,0
0,0.521633,0
0,0.521633,0
0,0.521633,0
0,0.521633,0
0,0.521633,0
0,0.521633,0
0,0.521633,0
0,0.521633,0
0,0.521633,0
0,0.521633,0
0,0.521633,0
0,0.521633,0
0,0.521633,0
0,0.521633,0
0,0.521633,0
0,0.521633,0
0,0.521633,0
0,0.521633,0
0,0.521633,0
0,0.521633,0
0,0.521633,0
0,0.521633,0
0,0.521633,0
0,0.521633,0
0,0.521633,0
0,0.521633,0
0,0.521633,0
0,0.521633,0
0,0.521633,0
0,0.521633,0
0,0.521633,0
0,0.521633,0
0,0.521633,0
0,0.521633,0
0,0.521633,0
0,0.521633,0
0,0.521633,0
0,0.521633,0
0,0.521633,0
0,0.521633,0
0,0.521633,0
0,0.521633,0
0,0.521633,0
0,0.521633,0
0,0.521633,0
0,0.521633,0
0,0.521633,0
0,0.521633,0
0,0.521633,0
0,0.521633,0
0,0.521633,0
0,0.521633,0
0,0.521633,0
0,0.521633,0
0,0.521633,0
0,0.521633,0
0,0.521633,0
0,0.521633,0
0,0.521633,0
0,0.521633,0
0,0.521633,0
0,0.521633,0
0,0.521633,0
0,0.521633,0
0,0.521633,0
0,0.521633,0
0,0.521633,0
0,0.521633,0
0,0.521633,0
0,0.521633,0
0,0.521633,0
0,0.521633,0
0,0.521633,0
0,0.521633,0
0,0.521633,0
0,0.521633,0
0,0.521633,0
0,0.521633,0
0,0.521633,0
0,0.521633,0
0,0.521633,0
0,0.521633,0
0,0.521633,0
0,0.521633,0
0,0.521633,0
0,0.521633,0
0,0.521633,0
0,0.521633,0
0,0.521633,0
0,0.521633,0
0,0.521633,0
0,0.521633,0
0,0.521633,0
0,0.521633,0
0,0.521633,0
0,0.521633,0
0,0.521633,0
0,0.521633,0
0,0.521633,0
0,0.521633,0
0,0.521633,0
0,0.521633,0
0,0.521633,0
0,0.521633,0
0,0.521633,0
0,0.521633,0
0,0.521633,0
0,0.521633,0
0,0.521633,0
0,0.521633,0
0,0.521633,0
0,0.521633,0
0,0.521633,0
0,0.521633,0
0,0.521633,0
0,0.521633,0
0,0.521633,0
0,0.521633,0
0,0.521633,0
0,0.521633,0
0,0.521633,0
0,0.521633,0
0,0.521633,0
0,0.521633,0
0,0.521633,0
0,0.521633,0
0,0.521633,0
0,0.521633,0
0,0.521633,0
0,0.521633,0
0,0.521633,0
0,0.521633,0
0,0.521633,0
0,0.521633,0
0,0.521633,0
0,0.521633,0
0,0.521633,0
0,0.521633,0
0,0.521633,0
0,0.521633,0
0,0.521633,0
0,0.521633,0
0,0.521633,0
0,0.521633,0
0,0.521633,0
0,0.521633,0
0,0.521633,0
0,0.521633,0
0,0.521633,0
0,0.521633,0
0,0.521633,0
0,0.521633,0
0,0.521633,0
0,0.521633,0
0,0.521633,0
0,0.521633,0
0,0.521633,0
0,0.521633,0
0,0.521633,0
0,0.521633,0
0,0.521633,0
0,0.521633,0
0,0.521633,0
0,0.521633,0
0,0.521633,0
0,0.521633,0
0,0.521633,0
0,0.521633,0
0,0.521633,0
0,0.521633,0
0,0.521633,0
0,0.521633,0
0,0.521633,0
0,0.521633,0
0,0.521633,0
0,0.521633,0
0,0.521633,0
0,0.521633,0
0,0.521633,0
0,0.521633,0
0,0.521633,0
0,0.521633,0
0,0.521633,0
0,0.521633,0
0,0.521633,0
0,0.521633,0
0,0.521633,0
0,0.521633,0
0,0.521633,0
0,0.521633,0
0,0.521633,0
0,0.521633,0
0,0.521633,0
0,0.521633,0
0,0.521633,0
0,0.521633,0
0,0.521633,0
0,0.521633,0
0,0.521633,0
0,0.521633,0
0,0.521633,0
0,0.521633,0
0,0.521633,0
0,0.521633,0
0,0.521633,0
0,0.521633,0
0,0.521633,0
0,0.521633,0
0,0.521633,0
0,0.521633,0
0,0.521633,0
0,0.521633,0
0,0.521633,0
0,0.521633,0
0,0.521633,0
0,0.521633,0
0,0.521633,0
0,0.521633,0
0,0.521633,0
0,0.521633,0
0,0.521633,0
0,0.521633,0
0,0.521633,0
0,0.521633,0
0,0.521633,0
0,0.521633,0
0,0.521633,0
0,0.521633,0
0,0.521633,0
0,0.521633,0
0,0.521633,0
0,0.521633,0
0,0.521633,0
0,0.521633,0
0,0.521633,0
0,0.521633,0
0,0.521633,0
0,0.521633,0
0,0.521633,0
0,0.521633,0
0,0.521633,0
0,0.521633,0
0,0.521633,0
0,0.521633,0
0,0.521633,0
0,0.521633,0
0,0.521633,0
0,0.521633,0
0,0.521633,0
0,0.521633,0
0,0.521633,0
0,0.521633,0
0,0.521633,0
0,0.521633,0
0,0.521633,0
0,0.521633,0
0,0.521633,0
0,0.521633,0
0,0.521633,0
0,0.521633,0
0,0.521633,0
0,0.521633,0
0,0.521633,0
0,0.521633,0
0,0.521633,0
0,0.521633,0
0,0.521633,0
0,0.521633,0
0,0.521633,0
0,0.521633,0
0,0.521633,0
0,0.521633,0
0,0.521633,0
0,0.521633,0
0,0.521633,0
0,0.521633,0
0,0.521633,0
0,0.521633,0
0,0.521633,0
0,0.521633,0
0,0.521633,0
0,0.521633,0
0,0.521633,0
0,0.521633,0
0,0.521633,0
0,0.521633,0
0,0.521633,0
0,0.521633,0
0,0.521633,0
0,0.521633,0
0,0.521633,0
0,0.521633,0
0,0.521633,0
0,0.521633,0
0,0.521633,0
0,0.521633,0
0,0.521633,0
0,0.521633,0
0,0.521633,0
0,0.521633,0
0,0.521633,0
0,0.521633,0
0,0.521633,0
0,0.521633,0
0,0.521633,0
0,0.521633,0
0,0.521633,0
0,0.521633,0
0,0.521633,0
0,0.521633,0
0,0.521633,0
0,0.521633,0
0,0.521633,0
0,0.521633,0
0,0.521633,0
0,0.521633,0
0,0.521633,0
0,0.521633,0
0,0.521633,0
0,0.521633,0
0,0.521633,0
0,0.521633,0
0,0.521633,0
0,0.521633,0
0,0.521633,0
0,0.521633,0
0,0.521633,0
0,0.521633,0
0,0.521633,0
0,0.521633,0
0,0.521633,0
0,0.521633,0
0,0.521633,0
0,0.521633,0
0,0.521633,0
0,0.521633,0
0,0.521633,0
0,0.521633,0
0,0.521633,0
0,0.521633,0
0,0.521633,0
0,0.521633,0
0,0.521633,0
0,0.521633,0
0,0.521633,0
0,0.521633,0
0,0.521633,0
0,0.521633,0
0,0.521633,0
0,0.521633,0
0,0.521633,0
0,0.521633,0
0,0.521633,0
0,0.521633,0
0,0.521633,0
0,0.521633,0
0,0.521633,0
0,0.521633,0
0,0.521633,0
0,0.521633,0
0,0.521633,0
0,0.521633,0
0,0.521633,0
0,0.521633,0
0,0.521633,0
0,0.521633,0
0,0.521633,0
0,0.521633,0
0,0.521633,0
0,0.521633,0
0,0.521633,0
0,0.521633,0
0,0.521633,0
0,0.521633,0
0,0.521633,0
0,0.521633,0
0,0.521633,0
0,0.521633,0
0,0.521633,0
0,0.521633,0
0,0.521633,0
0,0.521633,0
0,0.521633,0
0,0.521633,0
0,0.521633,0
0,0.521633,0
0,0.521633,0
0,0.521633,0
0,0.521633,0
0,0.521633,0
0,0.521633,0
0,0.521633,0
0,0.521633,0
0,0.521633,0
0,0.521633,0
0,0.521633,0
0,0.521633,0
0,0.521633,0
0,0.521633,0
0,0.521633,0
0,0.521633,0
0,0.521633,0
0,0.521633,0
0,0.521633,0
0,0.521633,0
0,0.521633,0
0,0.521633,0
0,0.521633,0
0,0.521633,0
0,0.521633,0
0,0.521633,0
0,0.521633,0
0,0.521633,0
0,0.521633,0
0,0.521633,0
0,0.521633,0
0,0.521633,0
0,0.521633,0
0,0.521633,0
0,0.521633,0
0,0.521633,0
0,0.521633,0
0,0.521633,0
0,0.521633,0
0,0.521633,0
0,0.521633,0
0,0.521633,0
0,0.521633,0
0,0.521633,0
0,0.521633,0
0,0.521633,0
0,0.521633,0
0,0.521633,0
0,0.521633,0
0,0.521633,0
0,0.521633,0
0,0.521633,0
0,0.521633,0
0,0.521633,0
0,0.521633,0
0,0.521633,0
0,0.521633,0
0,0.521633,0
0,0.521633,0
0,0.521633,0
0,0.521633,0
0,0.521633,0
0,0.521633,0
0,0.521633,0
0,0.521633,0
0,0.521633,0
0,0.521633,0
0,0.521633,0
0,0.521633,0
0,0.521633,0
0,0.521633,0
0,0.521633,0
0,0.521633,0
0,0.521633,0
0,0.521633,0
0,0.521633,0
0,0.521633,0
0,0.521633,0
0,0.521633,0
0,0.521633,0
0,0.521633,0
0,0.521633,0
0,0.521633,0
0,0.521633,0
0,0.521633,0
0,0.521633,0
0,0.521633,0
0,0.521633,0
0,0.521633,0
0,0.521633,0
0,0.521633,0
0,0.521633,0
0,0.521633,0
0,0.521633,0
0,0.521633,0
0,0.521633,0
0,0.521633,0
0,0.521633,0
0,0.521633,0
0,0.521633,0
0,0.521633,0
0,0.521633,0
0,0.521633,0
0,0.521633,0
0,0.521633,0
0,0.521633,0
0,0.521633,0
0,0.521633,0
0,0.521633,0
0,0.521633,0
0,0.521633,0
0,0.521633,0
0,0.521633,0
0,0.521633,0
0,0.521633,0
0,0.521633,0
0,0.521633,0
0,0.521633,0
0,0.521633,0
0,0.521633,0
0,0.521633,0
0,0.521633,0
0,0.521633,0
0,0.521633,0
0,0.521633,0
0,0.521633,0
0,0.521633,0
0,0.521633,0
0,0.521633,0
0,0.521633,0
0,0.521633,0
0,0.521633,0
0,0.521633,0
0,0.521633,0
0,0.521633,0
0,0.521633,0
0,0.521633,0
0,0.521633,0
0,0.521633,0
0,0.521633,0
0,0.521633,0
0,0.521633,0
0,0.521633,0
0,0.521633,0
0,0.521633,0
0,0.521633,0
0,0.521633,0
0,0.521633,0
0,0.521633,0
0,0.521633,0
0,0.521633,0
0,0.521633,0
0,0.521633,0
0,0.521633,0
0,0.521633,0
0,0.521633,0
0,0.521633,0
0,0.521633,0
0,0.521633,0
0,0.521633,0
0,0.521633,0
0,0.521633,0
0,0.521633,0
0,0.521633,0
0,0.521633,0
0,0.521633,0
0,0.521633,0
0,0.521633,0
0,0.521633,0
0,0.521633,0
0,0.521633,0
0,0.521633,0
0,0.521633,0
0,0.521633,0
0,0.521633,0
0,0.521633,0
0,0.521633,0
0,0.521633,0
0,0.521633,0
0,0.521633,0
0,0.521633,0
0,0.521633,0
0,0.521633,0
0,0.521633,0
0,0.521633,0
0,0.521633,0
0,0.521633,0
0,0.521633,0
0,0.521633,0
0,0.521633,0
0,0.521633,0
0,0.521633,0
0,0.521633,0
0,0.521633,0
0,0.521633,0
0,0.521633,0
0,0.521633,0
0,0.521633,0
0,0.521633,0
0,0.521633,0
0,0.521633,0
0,0.521633,0
0,0.521633,0
0,0.521633,0
0,0.521633,0
0,0.521633,0
0,0.521633,0
0,0.521633,0
0,0.521633,0
0,0.521633,0
0,0.521633,0
0,0.521633,0
0,0.521633,0
0,0.521633,0
0,0.521633,0
0,0.521633,0
0,0.521633,0
0,0.521633,0
0,0.521633,0
0,0.521633,0
0,0.521633,0
0,0.521633,0
0,0.521633,0
0,0.521633,0
0,0.521633,0
0,0.521633,0
0,0.521633,0
0,0.521633,0
0,0.521633,0
0,0.521633,0
0,0.521633,0
0,0.521633,0
0,0.521633,0
0,0.521633,0
0,0.521633,0
0,0.521633,0
0,0.521633,0
0,0.521633,0
0,0.521633,0
0,0.521633,0
0,0.521633,0
0,0.521633,0
0,0.521633,0
0,0.521633,0
0,0.521633,0
0,0.521633,0
0,0.521633,0
0,0.521633,0
0,0.521633,0
0,0.521633,0
0,0.521633,0
0,0.521633,0
0,0.521633,0
0,0.521633,0
0,0.521633,0
0,0.521633,0
0,0.521633,0
0,0.521633,0
0,0.521633,0
0,0.521633,0
0,0.521633,0
0,0.521633,0
0,0.521633,0
0,0.521633,0
0,0.521633,0
0,0.521633,0
0,0.521633,0
0,0.521633,0
0,0.521633,0
0,0.521633,0
0,0.521633,0
0,0.521633,0
0,0.521633,0
0,0.521633,0
0,0.521633,0
0,0.521633,0
0,0.521633,0
0,0.521633,0
0,0.521633,0
0,0.521633,0
0,0.521633,0
0,0.521633,0
0,0.521633,0
0,0.521633,0
0,0.521633,0
0,0.521633,0
0,0.521633,0
0,0.521633,0
0,0.886878,0
0,0.886878,0
0,0.886878,0
0,0.876712,0
0,0.886878,0
0,0.886878,0
0,0.886878,0
0,0.434109,0
0,0.000000,0
0,0.886878,0
0,0.871560,0
0,0.545455,0
0,0.886878,0
0,0.886878,0
0,0.886878,0
0,0.886878,0
0,0.886878,0
0,0.886878,0
0,0.886878,0
0,0.876712,0
0,0.253968,0
0,0.886878,0
0,0.886878,0
0,0.886878,0
0,0.886878,0
0,0.886878,0
0,0.886878,0
0,0.886878,0
0,0.886878,0
0,0.886878,0
0,0.886878,0
0,0.886878,0
0,0.886878,0
0,0.886878,0
0,0.886878,0
0,0.886878,0
0,0.886878,0
0,0.886878,0
0,0.886878,0
0,0.886878,0
0,0.886878,0
0,0.886792,0
0,0.886878,0
0,0.886878,0
0,0.886878,0
0,0.040000,0
0,0.886878,0
0,0.886878,0
0,0.886878,0
0,0.629630,0
0,0.886878,0
0,0.886878,0
0,0.886878,0
0,0.876712,0
0,0.886878,0
0,0.886878,0
0,0.886878,0
0,0.434109,0
0,0.000000,0
0,0.886878,0
0,0.871560,0
0,0.545455,0
0,0.886878,0
0,0.886878,0
0,0.886878,0
0,0.886878,0
0,0.886878,0
0,0.886878,0
0,0.886878,0
0,0.876712,0
0,0.253968,0
0,0.886878,0
0,0.886878,0
0,0.886878,0
0,0.886878,0
0,0.886878,0
0,0.886878,0
0,0.886878,0
0,0.886878,0
0,0.886878,0
0,0.886878,0
0,0.886878,0
0,0.886878,0
0,0.886878,0
0,0.886878,0
0,0.886878,0
0,0.886878,0
0,0.886878,0
0,0.886878,0
0,0.886878,0
0,0.886878,0
0,0.886792,0
0,0.886878,0
0,0.886878,0
0,0.886878,0
0,0.040000,0
0,0.886878,0
0,0.886878,0
0,0.886878,0
0,0.629630,0
0,0.886878,0
0,0.886878,0
0,0.886878,0
0,0.000000,0
0,0.886878,0
0,0.886878,0
0,0.618182,0
0,0.732558,0
0,0.886878,0
0,0.886878,0
0,0.886878,0
0,0.748538,0
0,0.886878,0
0,0.736196,0
0,0.886878,0
0,0.886878,0
0,0.886878,0
0,0.886878,0
0,0.886878,0
0,0.470588,0
0,0.886878,0
0,0.886878,0
0,0.886878,0
0,0.886792,0
0,0.886878,0
0,0.886878,0
0,0.866359,0
0,0.886878,0
0,0.767568,0
0,0.886878,0
0,0.886878,0
0,0.886878,0
0,0.058824,0
0,0.886878,0
0,0.886878,0
0,0.886878,0
0,0.886878,0
0,0.886878,0
0,0.886878,0
0,0.886878,0
0,0.886878,0
0,0.306452,0
0,0.886878,0
0,0.811594,0
0,0.886878,0
0,0.886878,0
0,0.886878,0
0,0.886878,0
0,0.886878,0
0,0.886878,0
0,0.886878,0
0,0.886878,0
0,0.886878,0
0,0.886878,0
0,0.886878,0
0,0.648045,0
0,0.886878,0
0,0.754098,0
0,0.886878,0
0,0.019608,0
0,0.886878,0
0,0.886878,0
0,0.886878,0
0,0.886878,0
0,0.886878,0
0,0.886878,0
0,0.886878,0
0,0.886878,0
0,0.886878,0
0,0.886792,0
0,0.886878,0
0,0.886878,0
0,0.886878,0
0,0.886878,0
0,0.886878,0
0,0.764045,0
0,0.325581,0
0,0.886878,0
0,0.886878,0
0,0.886878,0
0,0.886878,0
0,0.886878,0
0,0.886878,0
0,0.886878,0
0,0.886878,0
0,0.886878,0
0,0.058252,0
0,0.886878,0
0,0.886878,0
0,0.886878,0
0,0.886878,0
0,0.885845,0
0,0.886878,0
0,0.886878,0
0,0.000000,0
0,0.886878,0
0,0.882629,0
0,0.886878,0
0,0.886878,0
0,0.886878,0
0,0.886878,0
0,0.886878,0
0,0.886878,0
0,0.886878,0
0,0.886878,0
0,0.648045,0
0,0.886878,0
0,0.754098,0
0,0.886878,0
0,0.019608,0
0,0.886878,0
0,0.886878,0
0,0.886878,0
0,0.886878,0
0,0.886878,0
0,0.886878,0
0,0.886878,0
0,0.886878,0
0,0.886878,0
0,0.886792,0
0,0.886878,0
0,0.886878,0
0,0.886878,0
0,0.886878,0
0,0.886878,0
0,0.764045,0
0,0.325581,0
0,0.886878,0
0,0.886878,0
0,0.886878,0
0,0.886878,0
0,0.886878,0
0,0.886878,0
0,0.886878,0
0,0.886878,0
0,0.886878,0
0,0.058252,0
0,0.886878,0
0,0.886878,0
0,0.886878,0
0,0.886878,0
0,0.885845,0
0,0.886878,0
0,0.886878,0
0,0.000000,0
0,0.886878,0
0,0.882629,0
0,0.886878,0
0,0.886878,0
0,0.886878,0
0,0.886878,0
0,0.886878,0
0,0.886878,0
0,0.886878,0
0,0.886878,0
0,0.648045,0
0,0.886878,0
0,0.754098,0
0,0.886878,0
0,0.019608,0
0,0.886878,0
0,0.886878,0
0,0.886878,0
0,0.886878,0
0,0.886878,0
0,0.886878,0
0,0.886878,0
0,0.886878,0
0,0.886878,0
0,0.886792,0
0,0.886878,0
0,0.886878,0
0,0.886878,0
0,0.886878,0
0,0.886878,0
0,0.764045,0
0,0.325581,0
0,0.886878,0
0,0.886878,0
0,0.886878,0
0,0.886878,0
0,0.886878,0
0,0.886878,0
0,0.886878,0
0,0.886878,0
0,0.886878,0
0,0.058252,0
0,0.886878,0
0,0.886878,0
0,0.886878,0
0,0.886878,0
0,0.885845,0
0,0.886878,0
0,0.886878,0
0,0.000000,0
0,0.886878,0
0,0.882629,0
0,0.886878,0
0,0.886878,0
0,0.886878,0
0,0.886878,0
0,0.886878,0
0,0.886878,0
0,0.886878,0
0,0.886878,0
0,0.648045,0
0,0.886878,0
0,0.754098,0
0,0.886878,0
0,0.019608,0
0,0.886878,0
0,0.886878,0
0,0.886878,0
0,0.886878,0
0,0.886878,0
0,0.886878,0
0,0.886878,0
0,0.886878,0
0,0.886878,0
0,0.886792,0
0,0.886878,0
0,0.886878,0
0,0.886878,0
0,0.886878,0
0,0.886878,0
0,0.764045,0
0,0.325581,0
0,0.886878,0
0,0.886878,0
0,0.886878,0
0,0.886878,0
0,0.886878,0
0,0.886878,0
0,0.886878,0
0,0.886878,0
0,0.886878,0
0,0.058252,0
0,0.886878,0
0,0.886878,0
0,0.886878,0
0,0.886878,0
0,0.885845,0
0,0.886878,0
0,0.886878,0
0,0.000000,0
0,0.886878,0
0,0.882629,0
0,0.886878,0
0,0.886878,0
0,0.886878,0
0,0.886878,0
0,0.886878,0
0,0.886878,0
0,0.886878,0
0,0.886878,0
0,0.648045,0
0,0.886878,0
0,0.754098,0
0,0.886878,0
0,0.019608,0
0,0.886878,0
0,0.886878,0
0,0.886878,0
0,0.886878,0
0,0.886878,0
0,0.886878,0
0,0.886878,0
0,0.886878,0
0,0.886878,0
0,0.886792,0
0,0.886878,0
0,0.886878,0
0,0.886878,0
0,0.886878,0
0,0.886878,0
0,0.764045,0
0,0.325581,0
0,0.886878,0
0,0.886878,0
0,0.886878,0
0,0.886878,0
0,0.886878,0
0,0.886878,0
0,0.886878,0
0,0.886878,0
0,0.886878,0
0,0.058252,0
0,0.886878,0
0,0.886878,0
0,0.886878,0
0,0.886878,0
0,0.885845,0
0,0.886878,0
0,0.886878,0
0,0.000000,0
0,0.886878,0
0,0.882629,0
0,0.886878,0
0,0.886878,0
0,0.886878,0
0,0.886878,0
0,0.886878,0
