run,generation,populationFitness,bestTree,action,structured
0,0,0.502945,0.778367,1,0
0,1,0.509224,0.778367,2,0
0,2,0.508472,0.778367,1,0
0,3,0.513481,0.778367,2,0
0,4,0.526268,0.778367,0,0
0,5,0.533475,0.778367,1,0
0,6,0.535329,0.778367,0,0
0,7,0.546134,0.778367,1,0
0,8,0.557382,0.778776,1,0
0,9,0.570560,0.778776,1,0
0,10,0.578933,0.778776,1,0
0,11,0.585324,0.778776,1,0
0,12,0.594507,0.778776,1,0
0,13,0.596898,0.778776,2,0
0,14,0.604746,0.778776,1,0
0,15,0.616157,0.778776,1,0
0,16,0.622227,0.778776,1,0
0,17,0.631324,0.778776,1,0
0,18,0.640105,0.778776,1,0
0,19,0.651883,0.778776,2,0
0,20,0.655924,0.778776,1,0
0,21,0.665598,0.778776,1,0
0,22,0.673324,0.778776,1,0
0,23,0.681831,0.778776,1,0
0,24,0.686338,0.778776,2,0
0,25,0.686472,0.778776,1,0
0,26,0.690315,0.778776,2,0
0,27,0.701201,0.778776,1,0
0,28,0.707236,0.778776,1,0
0,29,0.713778,0.778776,2,0
0,30,0.723726,0.782245,1,0
0,31,0.727020,0.782245,1,0
0,32,0.730641,0.782245,2,0
0,33,0.733300,0.782245,0,0
0,34,0.742385,0.782245,0,0
0,35,0.743627,0.782245,1,0
0,36,0.751569,0.782245,0,0
0,37,0.744105,0.782245,1,0
0,38,0.746764,0.782245,1,0
0,39,0.749026,0.782245,2,0
0,40,0.751102,0.782245,0,0
0,41,0.754490,0.782245,1,0
0,42,0.757720,0.782245,0,0
0,43,0.750047,0.782245,2,0
0,44,0.756070,0.782245,1,0
0,45,0.758210,0.782245,2,0
0,46,0.760606,0.782245,2,0
0,47,0.752420,0.782245,1,0
0,48,0.751423,0.782245,1,0
0,49,0.757329,0.782245,1,0
0,50,0.758204,0.787755,2,0
0,51,0.755219,0.787755,1,0
0,52,0.755901,0.787755,2,0
0,53,0.758939,0.787755,0,0
0,54,0.757382,0.787755,1,0
0,55,0.761411,0.787755,0,0
0,56,0.770583,0.817143,2,0
0,57,0.765429,0.817143,1,0
0,58,0.758426,0.817143,1,0
0,59,0.758805,0.817143,2,0
0,60,0.756764,0.817143,1,0
0,61,0.756257,0.817143,2,0
0,62,0.764717,0.817143,1,0
0,63,0.775236,0.817143,1,0
0,64,0.773778,0.817143,1,0
0,65,0.774472,0.817143,1,0
0,66,0.771668,0.817143,1,0
0,67,0.770000,0.817143,1,0
0,68,0.764700,0.817143,1,0
0,69,0.771382,0.817143,1,0
0,70,0.771399,0.817143,2,0
0,71,0.775603,0.817143,2,0
0,72,0.781120,0.817143,2,0
0,73,0.783324,0.817143,2,0
0,74,0.787102,0.817143,1,0
0,75,0.784589,0.817143,1,0
0,76,0.785015,0.817143,1,0
0,77,0.787580,0.817143,0,0
0,78,0.778822,0.817143,1,0
0,79,0.784437,0.817143,2,0
0,0,0.523796,0.731224,0,1
0,1,0.531656,0.731224,0,1
0,2,0.534787,0.731224,2,1
0,3,0.534787,0.731224,1,1
0,4,0.537767,0.731224,1,1
0,5,0.540431,0.731224,2,1
0,6,0.545201,0.731224,2,1
0,7,0.550904,0.731224,1,1
0,8,0.550904,0.731224,0,1
0,9,0.550904,0.731224,0,1
0,10,0.553032,0.731224,2,1
0,11,0.559248,0.731224,1,1
0,12,0.552787,0.731224,1,1
0,13,0.556968,0.731224,0,1
0,14,0.556968,0.731224,1,1
0,15,0.557854,0.731224,1,1
0,16,0.557854,0.731224,1,1
0,17,0.564187,0.731224,2,1
0,18,0.578443,0.731224,0,1
0,19,0.585230,0.731224,2,1
0,20,0.587819,0.731224,2,1
0,21,0.590210,0.731224,0,1
0,22,0.592303,0.731224,0,1
0,23,0.597399,0.731224,0,1
0,24,0.603464,0.792449,1,1
0,25,0.600484,0.792449,1,1
0,26,0.604280,0.792449,0,1
0,27,0.606787,0.792449,0,1
0,28,0.612478,0.792449,0,1
0,29,0.616321,0.792449,1,1
0,30,0.622012,0.792449,2,1
0,31,0.629755,0.792449,0,1
0,32,0.625382,0.792449,1,1
0,33,0.629224,0.792449,2,1
0,34,0.626414,0.792449,1,1
0,35,0.636793,0.792449,0,1
0,36,0.636793,0.792449,1,1
0,37,0.635971,0.792449,1,1
0,38,0.644408,0.792449,1,1
0,39,0.644408,0.792449,0,1
0,40,0.644408,0.792449,0,1
0,41,0.640927,0.792449,2,1
0,42,0.641067,0.792449,1,1
0,43,0.644385,0.792449,2,1
0,44,0.650076,0.792449,0,1
0,45,0.658776,0.792449,0,1
0,46,0.667009,0.792449,1,1
0,47,0.669901,0.792449,1,1
0,48,0.674268,0.792449,0,1
0,49,0.674268,0.792449,2,1
0,50,0.674268,0.792449,0,1
0,51,0.674268,0.792449,0,1
0,52,0.670787,0.792449,2,1
0,53,0.670787,0.792449,0,1
0,54,0.677883,0.792449,0,1
0,55,0.677895,0.792449,1,1
0,56,0.683131,0.792449,0,1
0,57,0.685767,0.792449,0,1
0,58,0.690886,0.792449,1,1
0,59,0.696857,0.792449,0,1
0,60,0.699615,0.792449,1,1
0,61,0.703073,0.792449,1,1
0,62,0.709044,0.802245,1,1
0,63,0.709044,0.802245,1,1
0,64,0.721219,0.802245,2,1
0,65,0.721219,0.802245,2,1
0,66,0.723178,0.802245,2,1
0,67,0.723178,0.802245,0,1
0,68,0.734332,0.802245,0,1
0,69,0.734332,0.802245,1,1
0,70,0.734268,0.802245,1,1
0,71,0.738146,0.802245,2,1
0,72,0.745050,0.802245,1,1
0,73,0.745050,0.802245,2,1
0,74,0.746863,0.802245,1,1
0,75,0.749190,0.802245,1,1
0,76,0.750991,0.802245,1,1
0,77,0.750991,0.802245,2,1
0,78,0.758262,0.802245,0,1
0,79,0.755936,0.802245,1,1
0,80,0.758175,0.802245,1,1
0,81,0.758175,0.802245,2,1
0,82,0.762711,0.802245,0,1
0,83,0.762711,0.802245,2,1
0,84,0.756729,0.802245,2,1
0,85,0.756729,0.802245,1,1
0,86,0.754653,0.802245,1,1
0,87,0.754653,0.802245,2,1
0,88,0.766222,0.802245,0,1
0,89,0.766222,0.802245,2,1
0,90,0.754554,0.802245,1,1
0,91,0.752262,0.802245,1,1
0,92,0.752542,0.802245,0,1
0,93,0.752542,0.802245,2,1
0,94,0.753627,0.802245,1,1
0,95,0.753627,0.802245,1,1
0,96,0.763930,0.802245,1,1
0,97,0.763930,0.802245,2,1
0,98,0.766583,0.802245,2,1
0,99,0.766583,0.802245,1,1
0,100,0.756152,0.802245,1,1
0,101,0.756152,0.802245,2,1
0,102,0.759924,0.802245,2,1
0,103,0.759924,0.802245,1,1
0,104,0.755224,0.802245,1,1
0,105,0.755224,0.802245,2,1
0,106,0.759499,0.802245,2,1
0,107,0.759499,0.802245,1,1
0,108,0.763061,0.802245,2,1
0,109,0.763061,0.802245,0,1
1,0,0.525907,0.669184,1,0
1,1,0.527755,0.669184,1,0
1,2,0.530939,0.669184,1,0
1,3,0.543032,0.669184,1,0
1,4,0.552700,0.669184,1,0
1,5,0.555825,0.669184,1,0
1,6,0.559714,0.669184,1,0
1,7,0.562688,0.669184,1,0
1,8,0.570676,0.669184,0,0
1,9,0.576274,0.669184,1,0
1,10,0.585638,0.669184,1,0
1,11,0.586985,0.669184,1,0
1,12,0.596962,0.669184,1,0
1,13,0.600822,0.669184,2,0
1,14,0.607545,0.669184,1,0
1,15,0.613825,0.674286,1,0
1,16,0.623213,0.674286,0,0
1,17,0.629190,0.674286,0,0
1,18,0.629872,0.679388,1,0
1,19,0.638834,0.679388,0,0
1,20,0.643668,0.679388,1,0
1,21,0.653178,0.679388,1,0
1,22,0.658513,0.679388,0,0
1,23,0.660915,0.679388,1,0
1,24,0.658309,0.679388,1,0
1,25,0.659784,0.679388,1,0
1,26,0.661388,0.679388,1,0
1,27,0.661370,0.679388,1,0
1,28,0.657137,0.679388,1,0
1,29,0.663848,0.679388,1,0
1,30,0.664140,0.679388,2,0
1,31,0.664723,0.679388,1,0
1,32,0.665306,0.679388,1,0
1,33,0.665743,0.679388,1,0
1,34,0.655499,0.679388,1,0
1,35,0.647627,0.679388,1,0
1,36,0.657458,0.679388,0,0
1,37,0.657603,0.679388,2,0
1,38,0.658472,0.699592,1,0
1,39,0.659055,0.699592,2,0
1,40,0.659638,0.699592,1,0
1,41,0.660367,0.699592,2,0
1,42,0.657668,0.699592,1,0
1,43,0.659341,0.717551,2,0
1,44,0.664478,0.717551,1,0
1,45,0.665061,0.717551,0,0
1,46,0.670187,0.717551,1,0
1,47,0.670478,0.717551,0,0
1,48,0.668875,0.787347,1,0
1,49,0.668875,0.787347,1,0
1,50,0.663895,0.787347,2,0
1,51,0.660431,0.787347,2,0
1,52,0.661300,0.787347,0,0
1,53,0.675405,0.787347,0,0
1,54,0.671294,0.787347,1,0
1,55,0.671918,0.787347,2,0
1,56,0.668117,0.787347,1,0
1,57,0.680630,0.787347,0,0
1,58,0.689930,0.787347,2,0
1,59,0.691230,0.787347,2,0
1,60,0.697399,0.787347,0,0
1,61,0.701574,0.787347,1,0
1,62,0.706466,0.807347,1,0
1,63,0.704431,0.807347,1,0
1,64,0.711493,0.807347,1,0
1,65,0.709644,0.807347,1,0
1,66,0.708706,0.807347,1,0
1,67,0.712548,0.807347,2,0
1,68,0.718198,0.807347,2,0
1,69,0.728391,0.807347,0,0
1,70,0.739359,0.807347,1,0
1,71,0.740443,0.807347,1,0
1,72,0.742531,0.807347,2,0
1,73,0.742921,0.807347,1,0
1,74,0.741143,0.807347,1,0
1,75,0.741755,0.807347,1,0
1,76,0.746822,0.807347,2,0
1,77,0.746863,0.807347,1,0
1,78,0.743837,0.807347,1,0
1,79,0.749720,0.807347,0,0
1,0,0.483656,0.686122,0,1
1,1,0.492950,0.686122,1,1
1,2,0.499329,0.686122,0,1
1,3,0.512303,0.686122,1,1
1,4,0.513837,0.686122,2,1
1,5,0.519073,0.686122,1,1
1,6,0.520630,0.686122,2,1
1,7,0.525609,0.686122,0,1
1,8,0.525609,0.686122,1,1
1,9,0.535907,0.686122,0,1
1,10,0.535907,0.686122,2,1
1,11,0.535907,0.686122,1,1
1,12,0.536793,0.686122,2,1
1,13,0.541539,0.686122,1,1
1,14,0.541539,0.686122,0,1
1,15,0.552268,0.706122,1,1
1,16,0.557160,0.706122,1,1
1,17,0.574233,0.706122,2,1
1,18,0.586321,0.706122,2,1
1,19,0.588058,0.706122,1,1
1,20,0.595802,0.706122,2,1
1,21,0.605464,0.706122,1,1
1,22,0.613073,0.706122,1,1
1,23,0.618636,0.706122,1,1
1,24,0.621983,0.706122,2,1
1,25,0.626682,0.706122,1,1
1,26,0.633347,0.706122,2,1
1,27,0.641866,0.706122,1,1
1,28,0.646338,0.706122,1,1
1,29,0.648869,0.706122,1,1
1,30,0.654513,0.706122,1,1
1,31,0.657015,0.706122,2,1
1,32,0.661872,0.706122,2,1
1,33,0.666181,0.706122,2,1
1,34,0.667924,0.706122,1,1
1,35,0.670437,0.706122,1,1
1,36,0.671458,0.706122,1,1
1,37,0.677988,0.706122,1,1
1,38,0.679983,0.706122,2,1
1,39,0.680513,0.706122,1,1
1,40,0.681994,0.706122,0,1
1,41,0.685434,0.706122,1,1
1,42,0.684356,0.706122,2,1
1,43,0.684781,0.706122,0,1
1,44,0.684781,0.706122,1,1
1,45,0.685545,0.706122,1,1
1,46,0.686484,0.706122,2,1
1,47,0.685405,0.706122,1,1
1,48,0.685901,0.706122,1,1
1,49,0.693708,0.706122,1,1
1,50,0.696070,0.706122,1,1
1,51,0.697370,0.716735,1,1
1,52,0.698262,0.716735,2,1
1,53,0.697499,0.716735,1,1
1,54,0.698204,0.716735,2,1
1,55,0.699347,0.716735,2,1
1,56,0.699942,0.716735,0,1
1,57,0.700536,0.716735,0,1
1,58,0.700682,0.716735,1,1
1,59,0.695813,0.716735,2,1
1,60,0.690216,0.716735,2,1
1,61,0.691889,0.716735,2,1
1,62,0.697633,0.716735,1,1
1,63,0.700012,0.716735,0,1
1,64,0.688373,0.716735,1,1
1,65,0.703673,0.716735,0,1
1,66,0.700781,0.716735,1,1
1,67,0.700356,0.716735,1,1
1,68,0.703930,0.716735,2,1
1,69,0.699918,0.716735,1,1
1,70,0.688560,0.716735,1,1
1,71,0.691977,0.716735,1,1
1,72,0.685662,0.716735,1,1
1,73,0.686268,0.716735,0,1
1,74,0.691032,0.716735,2,1
1,75,0.690822,0.716735,1,1
1,76,0.692268,0.716735,0,1
1,77,0.693020,0.716735,1,1
1,78,0.698251,0.717551,1,1
1,79,0.701691,0.717551,1,1
1,80,0.702869,0.717551,0,1
1,81,0.703172,0.717551,2,1
1,82,0.710892,0.717551,2,1
1,83,0.711499,0.717551,1,1
1,84,0.711825,0.717551,0,1
1,85,0.708787,0.717551,1,1
1,86,0.704274,0.717551,1,1
1,87,0.707382,0.717551,0,1
1,88,0.706047,0.717551,1,1
1,89,0.709149,0.717551,1,1
1,90,0.711277,0.717551,1,1
1,91,0.712198,0.717551,1,1
1,92,0.712245,0.717551,0,1
1,93,0.714274,0.717551,1,1
1,94,0.714210,0.717551,2,1
1,95,0.715108,0.717551,1,1
1,96,0.715131,0.717551,0,1
1,97,0.715131,0.717551,0,1
1,98,0.709499,0.717551,1,1
1,99,0.709994,0.717551,0,1
1,100,0.716099,0.717551,2,1
1,101,0.716146,0.717551,1,1
1,102,0.716192,0.717551,1,1
1,103,0.716239,0.717551,1,1
1,104,0.716420,0.717551,2,1
1,105,0.716466,0.717551,0,1
1,106,0.716513,0.717551,0,1
1,107,0.715662,0.717551,2,1
1,108,0.711096,0.717551,1,1
1,109,0.711120,0.717551,2,1
2,0,0.498611,0.783460,1,0
2,1,0.502002,0.783460,1,0
2,2,0.513853,0.783460,0,0
2,3,0.520076,0.783460,1,0
2,4,0.533640,0.783460,1,0
2,5,0.550108,0.783460,1,0
2,6,0.556602,0.783460,1,0
2,7,0.570563,0.783460,2,0
2,8,0.589340,0.783460,1,0
2,9,0.595364,0.783460,1,0
2,10,0.607792,0.783460,0,0
2,11,0.616558,0.783460,0,0
2,12,0.638222,0.783460,1,0
2,13,0.648557,0.783460,2,0
2,14,0.644282,0.783460,1,0
2,15,0.656981,0.783460,1,0
2,16,0.666035,0.783460,1,0
2,17,0.667929,0.783460,1,0
2,18,0.665711,0.783460,1,0
2,19,0.673629,0.798611,1,0
2,20,0.689358,0.798611,2,0
2,21,0.702850,0.798611,1,0
2,22,0.711869,0.798611,2,0
2,23,0.719751,0.798611,1,0
2,24,0.729293,0.798611,1,0
2,25,0.734055,0.798611,2,0
2,26,0.732630,0.798611,1,0
2,27,0.741847,0.798611,1,0
2,28,0.748124,0.798611,2,0
2,29,0.756043,0.798611,2,0
2,30,0.762644,0.798611,0,0
2,31,0.764232,0.798611,0,0
2,32,0.771320,0.798611,0,0
2,33,0.780556,0.798611,1,0
2,34,0.780988,0.798611,2,0
2,35,0.785011,0.798611,2,0
2,36,0.783135,0.798611,1,0
2,37,0.777453,0.798611,2,0
2,38,0.774729,0.798611,1,0
2,39,0.775812,0.798611,1,0
2,40,0.779834,0.798611,0,0
2,41,0.780267,0.798611,2,0
2,42,0.779582,0.798611,1,0
2,43,0.788546,0.798611,2,0
2,44,0.785606,0.798611,2,0
2,45,0.786544,0.798611,1,0
2,46,0.778878,0.798611,2,0
2,47,0.785696,0.798611,0,0
2,48,0.782973,0.798611,1,0
2,49,0.783838,0.798611,0,0
2,50,0.783351,0.798611,1,0
2,51,0.778535,0.798611,1,0
2,52,0.789827,0.798611,2,0
2,53,0.778193,0.798611,1,0
2,54,0.786237,0.798611,1,0
2,55,0.789827,0.798611,1,0
2,56,0.793561,0.798611,0,0
2,57,0.793561,0.798611,2,0
2,58,0.794426,0.798611,1,0
2,59,0.787464,0.798611,1,0
2,60,0.791198,0.798611,2,0
2,61,0.787897,0.798611,1,0
2,62,0.782666,0.798611,2,0
2,63,0.775830,0.798611,1,0
2,64,0.775830,0.798611,2,0
2,65,0.780916,0.798611,1,0
2,66,0.776677,0.798611,1,0
2,67,0.774170,0.798611,1,0
2,68,0.779076,0.798611,1,0
2,69,0.779509,0.798611,0,0
2,70,0.775234,0.798611,1,0
2,71,0.767298,0.798611,1,0
2,72,0.767785,0.798611,2,0
2,73,0.763041,0.798611,1,0
2,74,0.763871,0.798611,1,0
2,75,0.767388,0.798611,0,0
2,76,0.772475,0.798611,1,0
2,77,0.763564,0.798611,1,0
2,78,0.775018,0.798611,0,0
2,79,0.775018,0.798611,0,0
2,0,0.513258,0.739899,1,1
2,1,0.523557,0.739899,1,1
2,2,0.526984,0.739899,2,1
2,3,0.529527,0.739899,2,1
2,4,0.533315,0.739899,1,1
2,5,0.540494,0.739899,1,1
2,6,0.545400,0.739899,1,1
2,7,0.545400,0.739899,1,1
2,8,0.545400,0.739899,1,1
2,9,0.550018,0.739899,0,1
2,10,0.554924,0.739899,1,1
2,11,0.554924,0.739899,1,1
2,12,0.554924,0.739899,1,1
2,13,0.554924,0.739899,1,1
2,14,0.554924,0.739899,2,1
2,15,0.554924,0.739899,0,1
2,16,0.557035,0.739899,1,1
2,17,0.563997,0.739899,1,1
2,18,0.576497,0.739899,1,1
2,19,0.576497,0.739899,1,1
2,20,0.576497,0.739899,1,1
2,21,0.580429,0.739899,1,1
2,22,0.586147,0.739899,1,1
2,23,0.590711,0.739899,2,1
2,24,0.592677,0.739899,2,1
2,25,0.596843,0.739899,2,1
2,26,0.596843,0.739899,1,1
2,27,0.596843,0.739899,0,1
2,28,0.596843,0.739899,1,1
2,29,0.596699,0.739899,1,1
2,30,0.596699,0.739899,0,1
2,31,0.600938,0.739899,1,1
2,32,0.610317,0.739899,1,1
2,33,0.619715,0.739899,1,1
2,34,0.628716,0.739899,0,1
2,35,0.633478,0.739899,0,1
2,36,0.633478,0.739899,2,1
2,37,0.633478,0.739899,1,1
2,38,0.633478,0.739899,2,1
2,39,0.633478,0.739899,1,1
2,40,0.633478,0.739899,1,1
2,41,0.633478,0.739899,1,1
2,42,0.634289,0.739899,1,1
2,43,0.638961,0.739899,1,1
2,44,0.638961,0.739899,1,1
2,45,0.642334,0.739899,1,1
2,46,0.643019,0.739899,2,1
2,47,0.651064,0.739899,2,1
2,48,0.655934,0.739899,1,1
2,49,0.659596,0.739899,1,1
2,50,0.662698,0.739899,0,1
2,51,0.662698,0.739899,0,1
2,52,0.662698,0.739899,1,1
2,53,0.662698,0.739899,1,1
2,54,0.662698,0.739899,1,1
2,55,0.662698,0.739899,2,1
2,56,0.662698,0.739899,1,1
2,57,0.662698,0.739899,1,1
2,58,0.662698,0.739899,1,1
2,59,0.665765,0.739899,1,1
2,60,0.668525,0.739899,1,1
2,61,0.668975,0.739899,1,1
2,62,0.668975,0.739899,2,1
2,63,0.668975,0.739899,2,1
2,64,0.668975,0.739899,0,1
2,65,0.668975,0.739899,2,1
2,66,0.668975,0.739899,2,1
2,67,0.664592,0.739899,1,1
2,68,0.665188,0.739899,0,1
2,69,0.665855,0.739899,1,1
2,70,0.668056,0.739899,2,1
2,71,0.668056,0.739899,1,1
2,72,0.668056,0.739899,1,1
2,73,0.668056,0.739899,0,1
2,74,0.668056,0.739899,2,1
2,75,0.668056,0.739899,0,1
2,76,0.665945,0.739899,1,1
2,77,0.666396,0.739899,2,1
2,78,0.667587,0.739899,0,1
2,79,0.666126,0.739899,2,1
2,80,0.667154,0.739899,1,1
2,81,0.667154,0.739899,0,1
2,82,0.667154,0.739899,0,1
2,83,0.667154,0.739899,2,1
2,84,0.667154,0.739899,1,1
2,85,0.667154,0.739899,1,1
2,86,0.667154,0.739899,1,1
2,87,0.667154,0.739899,1,1
2,88,0.667154,0.739899,1,1
2,89,0.667154,0.739899,1,1
2,90,0.672367,0.739899,1,1
2,91,0.672962,0.739899,0,1
2,92,0.672962,0.739899,1,1
2,93,0.668056,0.739899,1,1
2,94,0.673268,0.739899,0,1
2,95,0.673268,0.739899,1,1
2,96,0.673268,0.739899,2,1
2,97,0.673268,0.739899,2,1
2,98,0.673268,0.739899,1,1
2,99,0.673268,0.739899,1,1
2,100,0.673268,0.739899,1,1
2,101,0.673268,0.739899,0,1
2,102,0.673268,0.739899,2,1
2,103,0.673268,0.739899,1,1
2,104,0.673268,0.739899,1,1
2,105,0.673268,0.739899,0,1
2,106,0.673268,0.739899,2,1
2,107,0.673268,0.739899,1,1
2,108,0.673268,0.739899,0,1
2,109,0.673268,0.739899,1,1
3,0,0.547598,0.790841,1,0
3,1,0.554316,0.790841,1,0
3,2,0.559176,0.790841,1,0
3,3,0.570726,0.790841,2,0
3,4,0.575717,0.790841,1,0
3,5,0.590642,0.790841,2,0
3,6,0.609799,0.790841,1,0
3,7,0.623502,0.790841,2,0
3,8,0.629625,0.790841,1,0
3,9,0.640478,0.790841,1,0
3,10,0.656016,0.790841,0,0
3,11,0.669809,0.790841,1,0
3,12,0.680690,0.790841,1,0
3,13,0.686847,0.790841,1,0
3,14,0.701512,0.790841,1,0
3,15,0.714948,0.815226,2,0
3,16,0.712354,0.815226,1,0
3,17,0.725762,0.815226,1,0
3,18,0.730254,0.815226,2,0
3,19,0.733477,0.815226,1,0
3,20,0.740841,0.815226,1,0
3,21,0.742699,0.815226,2,0
3,22,0.747032,0.815226,0,0
3,23,0.744234,0.815226,1,0
3,24,0.740999,0.815226,1,0
3,25,0.747508,0.815226,1,0
3,26,0.757494,0.823751,1,0
3,27,0.749264,0.823751,1,0
3,28,0.745185,0.823751,1,0
3,29,0.753501,0.823751,1,0
3,30,0.754033,0.823751,1,0
3,31,0.750459,0.823751,1,0
3,32,0.759590,0.823751,1,0
3,33,0.767713,0.823751,1,0
3,34,0.763793,0.823751,1,0
3,35,0.765764,0.823751,1,0
3,36,0.774623,0.823751,1,0
3,37,0.767962,0.823751,2,0
3,38,0.756984,0.823751,1,0
3,39,0.760876,0.823751,2,0
3,40,0.775207,0.823751,0,0
3,41,0.777246,0.823751,0,0
3,42,0.791265,0.823751,1,0
3,43,0.790246,0.823751,1,0
3,44,0.791237,0.823751,2,0
3,45,0.792489,0.823751,2,0
3,46,0.794370,0.823751,1,0
3,47,0.799111,0.823751,1,0
3,48,0.795366,0.823751,1,0
3,49,0.796012,0.823751,1,0
3,50,0.786094,0.823751,1,0
3,51,0.778639,0.823751,1,0
3,52,0.788682,0.823751,2,0
3,53,0.789719,0.823751,2,0
3,54,0.797457,0.823751,1,0
3,55,0.798493,0.823751,1,0
3,56,0.807987,0.823751,0,0
3,57,0.809171,0.823751,1,0
3,58,0.802764,0.823751,1,0
3,59,0.797791,0.823751,1,0
3,60,0.789963,0.823751,2,0
3,61,0.798505,0.823751,1,0
3,62,0.797553,0.823751,1,0
3,63,0.809720,0.823751,2,0
3,64,0.810966,0.823751,1,0
3,65,0.817622,0.823751,0,0
3,66,0.808066,0.823751,1,0
3,67,0.800589,0.823751,2,0
3,68,0.801444,0.823751,1,0
3,69,0.810694,0.823751,0,0
3,70,0.813255,0.823751,1,0
3,71,0.812490,0.823751,1,0
3,72,0.818902,0.823751,1,0
3,73,0.819933,0.823751,2,0
3,74,0.819542,0.823751,1,0
3,75,0.818053,0.823751,1,0
3,76,0.815470,0.823751,2,0
3,77,0.808888,0.823751,2,0
3,78,0.808480,0.823751,1,0
3,79,0.818036,0.823751,1,0
3,0,0.510122,0.714909,2,1
3,1,0.511782,0.714909,2,1
3,2,0.518976,0.714909,1,1
3,3,0.520930,0.714909,2,1
3,4,0.523360,0.714909,0,1
3,5,0.527824,0.714909,1,1
3,6,0.534111,0.714909,1,1
3,7,0.534111,0.714909,0,1
3,8,0.541747,0.714909,1,1
3,9,0.552288,0.714909,0,1
3,10,0.554758,0.714909,1,1
3,11,0.554758,0.714909,2,1
3,12,0.558230,0.714909,1,1
3,13,0.564371,0.714909,0,1
3,14,0.575297,0.714909,0,1
3,15,0.587793,0.714909,2,1
3,16,0.587793,0.714909,2,1
3,17,0.593441,0.714909,1,1
3,18,0.593441,0.714909,0,1
3,19,0.593441,0.714909,1,1
3,20,0.605308,0.714909,2,1
3,21,0.611046,0.714909,0,1
3,22,0.611046,0.714909,1,1
3,23,0.622607,0.714909,0,1
3,24,0.633086,0.714909,2,1
3,25,0.637431,0.714909,0,1
3,26,0.637431,0.714909,0,1
3,27,0.647638,0.714909,1,1
3,28,0.650232,0.714909,1,1
3,29,0.650606,0.714909,2,1
3,30,0.650606,0.714909,0,1
3,31,0.650606,0.714909,2,1
3,32,0.650606,0.714909,1,1
3,33,0.650606,0.714909,1,1
3,34,0.650606,0.714909,1,1
3,35,0.656401,0.714909,0,1
3,36,0.657454,0.714909,1,1
3,37,0.661278,0.714909,1,1
3,38,0.665521,0.714909,2,1
3,39,0.665521,0.714909,2,1
3,40,0.660196,0.714909,1,1
3,41,0.662235,0.714909,0,1
3,42,0.662235,0.714909,1,1
3,43,0.668324,0.714909,0,1
3,44,0.678107,0.714909,1,1
3,45,0.683420,0.714909,2,1
3,46,0.689560,0.714909,0,1
3,47,0.689560,0.714909,0,1
3,48,0.689560,0.714909,0,1
3,49,0.689560,0.714909,0,1
3,50,0.689560,0.714909,0,1
3,51,0.689560,0.714909,2,1
3,52,0.689560,0.714909,2,1
3,53,0.689560,0.714909,2,1
3,54,0.688620,0.714909,1,1
3,55,0.687198,0.714909,1,1
3,56,0.691934,0.714909,2,1
3,57,0.691934,0.714909,1,1
3,58,0.691934,0.714909,1,1
3,59,0.691934,0.714909,2,1
3,60,0.691934,0.714909,0,1
3,61,0.691934,0.714909,2,1
3,62,0.691934,0.714909,1,1
3,63,0.691934,0.714909,2,1
3,64,0.691934,0.714909,1,1
3,65,0.693916,0.714909,0,1
3,66,0.693916,0.714909,1,1
3,67,0.693916,0.714909,1,1
3,68,0.688592,0.714909,1,1
3,69,0.693282,0.714909,0,1
3,70,0.694098,0.714909,1,1
3,71,0.696907,0.714909,0,1
3,72,0.691787,0.714909,1,1
3,73,0.705823,0.714909,2,1
3,74,0.708621,0.714909,1,1
3,75,0.709488,0.714909,1,1
3,76,0.709488,0.714909,2,1
3,77,0.709488,0.714909,0,1
3,78,0.709488,0.714909,2,1
3,79,0.709488,0.714909,0,1
3,80,0.709488,0.714909,1,1
3,81,0.709488,0.714909,1,1
3,82,0.709488,0.714909,1,1
3,83,0.709488,0.714909,2,1
3,84,0.709488,0.714909,1,1
3,85,0.709488,0.714909,0,1
3,86,0.709488,0.714909,1,1
3,87,0.709488,0.714909,1,1
3,88,0.709488,0.714909,0,1
3,89,0.709488,0.714909,0,1
3,90,0.709488,0.714909,2,1
3,91,0.709488,0.714909,1,1
3,92,0.709488,0.714909,1,1
3,93,0.709488,0.714909,1,1
3,94,0.709488,0.714909,1,1
3,95,0.701643,0.714909,1,1
3,96,0.702311,0.736519,1,1
3,97,0.694415,0.736519,1,1
3,98,0.702929,0.736519,0,1
3,99,0.704843,0.736519,1,1
3,100,0.704843,0.736519,1,1
3,101,0.704843,0.736519,1,1
3,102,0.704843,0.736519,0,1
3,103,0.704843,0.736519,0,1
3,104,0.704843,0.736519,2,1
3,105,0.704843,0.736519,1,1
3,106,0.704843,0.736519,0,1
3,107,0.704843,0.736519,2,1
3,108,0.704843,0.736519,1,1
3,109,0.703665,0.736519,1,1
4,0,0.498271,0.674060,1,0
4,1,0.506026,0.674060,0,0
4,2,0.512444,0.674060,1,0
4,3,0.514758,0.674060,2,0
4,4,0.519366,0.674060,1,0
4,5,0.520209,0.674060,1,0
4,6,0.524635,0.674060,0,0
4,7,0.535059,0.674060,1,0
4,8,0.544135,0.690038,1,0
4,9,0.548394,0.690038,2,0
4,10,0.551235,0.690038,1,0
4,11,0.552293,0.690038,1,0
4,12,0.549834,0.690038,1,0
4,13,0.552991,0.690038,2,0
4,14,0.556224,0.690038,1,0
4,15,0.559850,0.690038,1,0
4,16,0.566004,0.690038,1,0
4,17,0.570870,0.690038,0,0
4,18,0.575156,0.690038,2,0
4,19,0.577299,0.690038,1,0
4,20,0.574780,0.690038,1,0
4,21,0.575752,0.690038,1,0
4,22,0.576606,0.690038,1,0
4,23,0.584468,0.733083,2,0
4,24,0.591950,0.733083,0,0
4,25,0.593292,0.733083,1,0
4,26,0.601149,0.733083,1,0
4,27,0.597009,0.733083,1,0
4,28,0.596198,0.733083,2,0
4,29,0.602331,0.733083,2,0
4,30,0.603781,0.733083,1,0
4,31,0.612927,0.733083,1,0
4,32,0.621289,0.733083,1,0
4,33,0.625231,0.733083,2,0
4,34,0.629227,0.733083,1,0
4,35,0.630263,0.733083,1,0
4,36,0.637782,0.733083,0,0
4,37,0.639404,0.733083,1,0
4,38,0.644511,0.733083,2,0
4,39,0.643690,0.733083,1,0
4,40,0.645816,0.733083,1,0
4,41,0.647481,0.733083,1,0
4,42,0.642981,0.733083,1,0
4,43,0.648367,0.733083,2,0
4,44,0.649774,0.733083,2,0
4,45,0.652599,0.733083,1,0
4,46,0.654393,0.746617,1,0
4,47,0.654248,0.746617,1,0
4,48,0.658749,0.746617,1,0
4,49,0.664586,0.746617,2,0
4,50,0.671128,0.746617,0,0
4,51,0.673647,0.746617,1,0
4,52,0.673507,0.746617,1,0
4,53,0.676031,0.746617,1,0
4,54,0.685193,0.746617,0,0
4,55,0.683233,0.746617,1,0
4,56,0.689087,0.746617,1,0
4,57,0.692696,0.746617,2,0
4,58,0.682417,0.746617,1,0
4,59,0.680618,0.746617,1,0
4,60,0.684275,0.746617,2,0
4,61,0.688115,0.746617,2,0
4,62,0.691600,0.746617,2,0
4,63,0.702315,0.746617,2,0
4,64,0.695714,0.746617,1,0
4,65,0.707642,0.746617,0,0
4,66,0.711788,0.746617,0,0
4,67,0.720602,0.746617,2,0
4,68,0.718711,0.746617,1,0
4,69,0.729893,0.746617,0,0
4,70,0.723142,0.746617,1,0
4,71,0.724876,0.746617,1,0
4,72,0.733996,0.746617,1,0
4,73,0.737089,0.746617,1,0
4,74,0.733491,0.753008,1,0
4,75,0.728727,0.753008,1,0
4,76,0.733872,0.753008,1,0
4,77,0.734624,0.772932,2,0
4,78,0.735011,0.772932,1,0
4,79,0.735730,0.772932,0,0
4,0,0.496300,0.713910,2,1
4,1,0.505462,0.713910,1,1
4,2,0.511541,0.713910,0,1
4,3,0.511241,0.713910,2,1
4,4,0.511090,0.713910,1,1
4,5,0.519817,0.713910,1,1
4,6,0.519817,0.713910,1,1
4,7,0.521874,0.713910,0,1
4,8,0.529506,0.713910,1,1
4,9,0.537465,0.713910,1,1
4,10,0.539758,0.713910,0,1
4,11,0.547868,0.713910,1,1
4,12,0.556504,0.713910,2,1
4,13,0.554495,0.713910,1,1
4,14,0.558115,0.713910,1,1
4,15,0.566155,0.713910,1,1
4,16,0.567653,0.713910,2,1
4,17,0.563802,0.713910,1,1
4,18,0.569388,0.713910,0,1
4,19,0.571842,0.713910,0,1
4,20,0.568786,0.713910,1,1
4,21,0.583174,0.713910,0,1
4,22,0.590510,0.713910,1,1
4,23,0.603400,0.713910,2,1
4,24,0.606907,0.713910,2,1
4,25,0.614742,0.713910,2,1
4,26,0.623792,0.713910,0,1
4,27,0.633657,0.718045,1,1
4,28,0.640478,0.718045,0,1
4,29,0.640854,0.718045,2,1
4,30,0.644162,0.718045,1,1
4,31,0.646821,0.718045,1,1
4,32,0.654211,0.731767,2,1
4,33,0.657868,0.731767,2,1
4,34,0.663980,0.731767,0,1
4,35,0.662841,0.731767,2,1
4,36,0.664705,0.731767,0,1
4,37,0.664705,0.731767,0,1
4,38,0.664705,0.731767,1,1
4,39,0.664705,0.731767,1,1
4,40,0.659860,0.731767,1,1
4,41,0.665338,0.731767,1,1
4,42,0.668711,0.731767,1,1
4,43,0.668711,0.731767,1,1
4,44,0.668711,0.731767,2,1
4,45,0.668926,0.731767,1,1
4,46,0.676429,0.731767,1,1
4,47,0.679264,0.731767,1,1
4,48,0.680005,0.731767,1,1
4,49,0.682062,0.731767,2,1
4,50,0.687320,0.731767,2,1
4,51,0.692524,0.731767,0,1
4,52,0.692315,0.731767,2,1
4,53,0.689646,0.731767,1,1
4,54,0.685156,0.731767,2,1
4,55,0.688324,0.731767,2,1
4,56,0.694275,0.731767,0,1
4,57,0.695247,0.731767,1,1
4,58,0.698034,0.731767,0,1
4,59,0.705951,0.731767,1,1
4,60,0.706316,0.731767,0,1
4,61,0.708008,0.731767,0,1
4,62,0.708340,0.731767,1,1
4,63,0.708523,0.731767,0,1
4,64,0.709189,0.731767,2,1
4,65,0.709522,0.731767,1,1
4,66,0.705333,0.731767,2,1
4,67,0.711267,0.731767,1,1
4,68,0.710489,0.731767,1,1
4,69,0.704952,0.731767,1,1
4,70,0.705317,0.731767,2,1
4,71,0.705317,0.731767,2,1
4,72,0.706273,0.740226,1,1
4,73,0.708829,0.740226,1,1
4,74,0.714130,0.740226,1,1
4,75,0.720698,0.740226,0,1
4,76,0.721031,0.740226,2,1
4,77,0.721187,0.740226,1,1
4,78,0.721337,0.740226,1,1
4,79,0.722959,0.740226,2,1
4,80,0.722599,0.740226,2,1
4,81,0.721273,0.740226,1,1
4,82,0.721273,0.740226,2,1
4,83,0.721273,0.740226,1,1
4,84,0.721273,0.740226,1,1
4,85,0.721273,0.740226,0,1
4,86,0.717186,0.740226,1,1
4,87,0.717487,0.740226,0,1
4,88,0.717487,0.740226,0,1
4,89,0.717487,0.740226,1,1
4,90,0.717487,0.740226,1,1
4,91,0.717487,0.740226,2,1
4,92,0.719023,0.740226,2,1
4,93,0.723711,0.740226,0,1
4,94,0.724221,0.740226,0,1
4,95,0.721584,0.740226,1,1
4,96,0.716670,0.740226,1,1
4,97,0.719608,0.740226,0,1
4,98,0.719608,0.740226,2,1
4,99,0.718738,0.740226,1,1
4,100,0.720091,0.761278,1,1
4,101,0.720510,0.761278,2,1
4,102,0.727105,0.761278,2,1
4,103,0.724350,0.761278,1,1
4,104,0.725070,0.761278,0,1
4,105,0.725070,0.761278,2,1
4,106,0.725070,0.761278,2,1
4,107,0.725070,0.761278,2,1
4,108,0.725070,0.761278,0,1
4,109,0.719345,0.761278,1,1
5,0,0.530556,0.747685,1,0
5,1,0.542725,0.747685,1,0
5,2,0.550926,0.747685,2,0
5,3,0.560450,0.747685,1,0
5,4,0.573925,0.747685,2,0
5,5,0.592692,0.747685,1,0
5,6,0.603423,0.747685,1,0
5,7,0.615675,0.747685,1,0
5,8,0.628819,0.747685,2,0
5,9,0.640840,0.747685,1,0
5,10,0.651653,0.751157,1,0
5,11,0.653952,0.751157,1,0
5,12,0.662665,0.751157,1,0
5,13,0.666667,0.751157,1,0
5,14,0.668022,0.751157,1,0
5,15,0.676769,0.751157,1,0
5,16,0.684011,0.751157,1,0
5,17,0.691716,0.751157,0,0
5,18,0.697999,0.751157,1,0
5,19,0.688145,0.751157,1,0
5,20,0.692295,0.751157,2,0
5,21,0.693552,0.751157,1,0
5,22,0.697569,0.751157,2,0
5,23,0.695337,0.751157,1,0
5,24,0.701438,0.751157,2,0
5,25,0.700562,0.751157,1,0
5,26,0.703952,0.751157,1,0
5,27,0.703522,0.751157,1,0
5,28,0.708185,0.751157,2,0
5,29,0.710599,0.751157,1,0
5,30,0.724851,0.751157,2,0
5,31,0.722090,0.751157,2,0
5,32,0.730638,0.751157,1,0
5,33,0.739253,0.766782,2,0
5,34,0.738988,0.766782,1,0
5,35,0.740410,0.766782,2,0
5,36,0.742642,0.766782,2,0
5,37,0.744478,0.766782,1,0
5,38,0.745007,0.766782,1,0
5,39,0.740509,0.766782,2,0
5,40,0.735582,0.766782,1,0
5,41,0.732044,0.766782,1,0
5,42,0.737037,0.766782,1,0
5,43,0.738972,0.766782,1,0
5,44,0.739071,0.766782,0,0
5,45,0.740757,0.766782,0,0
5,46,0.741898,0.777778,1,0
5,47,0.739385,0.777778,1,0
5,48,0.739517,0.777778,2,0
5,49,0.740476,0.777778,1,0
5,50,0.737153,0.777778,1,0
5,51,0.733416,0.777778,1,0
5,52,0.734061,0.777778,0,0
5,53,0.735020,0.777778,1,0
5,54,0.738806,0.811343,2,0
5,55,0.735863,0.811343,1,0
5,56,0.745370,0.811343,1,0
5,57,0.745337,0.811343,2,0
5,58,0.750976,0.811343,2,0
5,59,0.749735,0.811343,1,0
5,60,0.744593,0.811343,1,0
5,61,0.746792,0.811343,1,0
5,62,0.747553,0.811343,2,0
5,63,0.752249,0.811343,1,0
5,64,0.734755,0.811343,1,0
5,65,0.752943,0.811343,0,0
5,66,0.756911,0.811343,1,0
5,67,0.759077,0.811343,0,0
5,68,0.759904,0.811343,1,0
5,69,0.758333,0.811343,1,0
5,70,0.759640,0.811343,2,0
5,71,0.749620,0.811343,1,0
5,72,0.758631,0.811343,0,0
5,73,0.759243,0.811343,1,0
5,74,0.760202,0.811343,1,0
5,75,0.758631,0.811343,1,0
5,76,0.760764,0.811343,2,0
5,77,0.769048,0.811343,1,0
5,78,0.771726,0.811343,2,0
5,79,0.776405,0.811343,1,0
5,0,0.504547,0.747685,0,1
5,1,0.511789,0.747685,1,1
5,2,0.520139,0.747685,0,1
5,3,0.520139,0.747685,0,1
5,4,0.520139,0.747685,0,1
5,5,0.518287,0.747685,1,1
5,6,0.516204,0.747685,2,1
5,7,0.519362,0.747685,1,1
5,8,0.532176,0.747685,2,1
5,9,0.539864,0.747685,2,1
5,10,0.541501,0.747685,1,1
5,11,0.553687,0.747685,0,1
5,12,0.565774,0.747685,0,1
5,13,0.570602,0.747685,1,1
5,14,0.570602,0.747685,2,1
5,15,0.570602,0.747685,0,1
5,16,0.571197,0.747685,2,1
5,17,0.571197,0.747685,1,1
5,18,0.573810,0.747685,1,1
5,19,0.575430,0.747685,1,1
5,20,0.578588,0.747685,0,1
5,21,0.586971,0.747685,1,1
5,22,0.591931,0.747685,1,1
5,23,0.596197,0.747685,2,1
5,24,0.608846,0.747685,2,1
5,25,0.615890,0.747685,1,1
5,26,0.614038,0.747685,1,1
5,27,0.614038,0.747685,2,1
5,28,0.609077,0.747685,1,1
5,29,0.614699,0.747685,1,1
5,30,0.614699,0.747685,1,1
5,31,0.618436,0.747685,1,1
5,32,0.628853,0.747685,0,1
5,33,0.635483,0.747685,0,1
5,34,0.644428,0.747685,1,1
5,35,0.644428,0.747685,2,1
5,36,0.647305,0.747685,1,1
5,37,0.654894,0.747685,1,1
5,38,0.656085,0.747685,1,1
5,39,0.656085,0.747685,0,1
5,40,0.658085,0.747685,1,1
5,41,0.656118,0.747685,1,1
5,42,0.667560,0.747685,0,1
5,43,0.672454,0.747685,1,1
5,44,0.669312,0.747685,1,1
5,45,0.674669,0.747685,0,1
5,46,0.682837,0.747685,0,1
5,47,0.681184,0.747685,1,1
5,48,0.689517,0.747685,1,1
5,49,0.692444,0.747685,1,1
5,50,0.694478,0.747685,1,1
5,51,0.695949,0.747685,1,1
5,52,0.705407,0.747685,0,1
5,53,0.706647,0.747685,1,1
5,54,0.708102,0.747685,0,1
5,55,0.709557,0.747685,1,1
5,56,0.718618,0.747685,1,1
5,57,0.715493,0.747685,2,1
5,58,0.710351,0.747685,2,1
5,59,0.706663,0.747685,1,1
5,60,0.706663,0.747685,0,1
5,61,0.709573,0.747685,1,1
5,62,0.709573,0.747685,1,1
5,63,0.719709,0.747685,2,1
5,64,0.721594,0.747685,0,1
5,65,0.723578,0.747685,0,1
5,66,0.728571,0.747685,0,1
5,67,0.728571,0.747685,0,1
5,68,0.728704,0.747685,2,1
5,69,0.730737,0.747685,1,1
5,70,0.738409,0.747685,0,1
5,71,0.733416,0.747685,1,1
5,72,0.728423,0.747685,1,1
5,73,0.728423,0.747685,0,1
5,74,0.728423,0.747685,1,1
5,75,0.728423,0.747685,2,1
5,76,0.726190,0.747685,1,1
5,77,0.726190,0.747685,2,1
5,78,0.726190,0.747685,0,1
5,79,0.734888,0.747685,1,1
5,80,0.734888,0.747685,0,1
5,81,0.742113,0.747685,0,1
5,82,0.737120,0.747685,1,1
5,83,0.737120,0.747685,0,1
5,84,0.737120,0.747685,2,1
5,85,0.732126,0.747685,1,1
5,86,0.730655,0.747685,1,1
5,87,0.730655,0.747685,0,1
5,88,0.724901,0.747685,1,1
5,89,0.729894,0.747685,2,1
5,90,0.729001,0.747685,1,1
5,91,0.741220,0.747685,0,1
5,92,0.736938,0.747685,2,1
5,93,0.736938,0.747685,0,1
5,94,0.742692,0.747685,0,1
5,95,0.737698,0.747685,1,1
5,96,0.737698,0.747685,0,1
5,97,0.737698,0.747685,0,1
5,98,0.736541,0.747685,2,1
5,99,0.736541,0.747685,2,1
5,100,0.736541,0.747685,2,1
5,101,0.741534,0.747685,1,1
5,102,0.741534,0.747685,0,1
5,103,0.741534,0.747685,0,1
5,104,0.735069,0.747685,1,1
5,105,0.733598,0.747685,1,1
5,106,0.740063,0.747685,1,1
5,107,0.737831,0.747685,2,1
5,108,0.737831,0.747685,1,1
5,109,0.737831,0.747685,1,1
6,0,0.525490,0.756970,1,0
6,1,0.525427,0.756970,1,0
6,2,0.542312,0.756970,0,0
6,3,0.548066,0.756970,1,0
6,4,0.557049,0.756970,1,0
6,5,0.561466,0.756970,1,0
6,6,0.566738,0.756970,1,0
6,7,0.567828,0.756970,1,0
6,8,0.579316,0.756970,0,0
6,9,0.590923,0.756970,1,0
6,10,0.601509,0.756970,2,0
6,11,0.615444,0.756970,0,0
6,12,0.636568,0.756970,0,0
6,13,0.646688,0.756970,1,0
6,14,0.654785,0.812729,1,0
6,15,0.655272,0.812729,1,0
6,16,0.670145,0.812729,1,0
6,17,0.680217,0.812729,0,0
6,18,0.691212,0.812729,2,0
6,19,0.702610,0.841893,1,0
6,20,0.690992,0.841893,1,0
6,21,0.693088,0.841893,1,0
6,22,0.694995,0.841893,1,0
6,23,0.710879,0.841893,1,0
6,24,0.718604,0.841893,1,0
6,25,0.730212,0.841893,0,0
6,26,0.735526,0.841893,2,0
6,27,0.751908,0.841893,2,0
6,28,0.758993,0.841893,0,0
6,29,0.755508,0.841893,1,0
6,30,0.760135,0.841893,1,0
6,31,0.766377,0.841893,1,0
6,32,0.771135,0.841893,1,0
6,33,0.765496,0.841893,1,0
6,34,0.757122,0.841893,1,0
6,35,0.760769,0.841893,1,0
6,36,0.767619,0.841893,1,0
6,37,0.778713,0.841893,1,0
6,38,0.774803,0.841893,1,0
6,39,0.781255,0.841893,1,0
6,40,0.784933,0.841893,1,0
6,41,0.795608,0.841893,1,0
6,42,0.798239,0.841893,1,0
6,43,0.779882,0.841893,1,0
6,44,0.780804,0.841893,1,0
6,45,0.788041,0.841893,1,0
6,46,0.792066,0.841893,1,0
6,47,0.776669,0.841893,1,0
6,48,0.777770,0.841893,1,0
6,49,0.775679,0.841893,1,0
6,50,0.786128,0.841893,1,0
6,51,0.798056,0.841893,2,0
6,52,0.809795,0.841893,1,0
6,53,0.811047,0.841893,2,0
6,54,0.812410,0.841893,1,0
6,55,0.824714,0.841893,1,0
6,56,0.827141,0.841893,1,0
6,57,0.823195,0.841893,2,0
6,58,0.824709,0.841893,0,0
6,59,0.819421,0.852531,1,0
6,60,0.828346,0.852531,2,0
6,61,0.820590,0.852531,1,0
6,62,0.816288,0.852531,2,0
6,63,0.814543,0.852531,1,0
6,64,0.814920,0.852531,1,0
6,65,0.815287,0.852531,1,0
6,66,0.827906,0.852531,1,0
6,67,0.831092,0.852531,1,0
6,68,0.830144,0.852531,2,0
6,69,0.836977,0.852531,0,0
6,70,0.839482,0.852531,0,0
6,71,0.840200,0.852531,1,0
6,72,0.841033,0.857850,1,0
6,73,0.834682,0.857850,1,0
6,74,0.835363,0.857850,0,0
6,75,0.843193,0.857850,1,0
6,76,0.843156,0.857850,1,0
6,77,0.843460,0.857850,2,0
6,78,0.830662,0.857850,1,0
6,79,0.831380,0.857850,0,0
6,0,0.533099,0.772744,1,1
6,1,0.539870,0.772744,1,1
6,2,0.540022,0.772744,1,1
6,3,0.540022,0.772744,1,1
6,4,0.540022,0.772744,2,1
6,5,0.540845,0.772744,1,1
6,6,0.547616,0.772744,2,1
6,7,0.547616,0.772744,0,1
6,8,0.547616,0.772744,1,1
6,9,0.547616,0.772744,2,1
6,10,0.551142,0.772744,1,1
6,11,0.550802,0.772744,1,1
6,12,0.556215,0.772744,1,1
6,13,0.569631,0.772744,2,1
6,14,0.576025,0.772744,0,1
6,15,0.576025,0.772744,0,1
6,16,0.576025,0.772744,1,1
6,17,0.576025,0.772744,0,1
6,18,0.576025,0.772744,2,1
6,19,0.578032,0.772744,2,1
6,20,0.589032,0.772744,2,1
6,21,0.596940,0.772744,2,1
6,22,0.608568,0.772744,1,1
6,23,0.613825,0.772744,2,1
6,24,0.613825,0.772744,0,1
6,25,0.613825,0.772744,1,1
6,26,0.613825,0.772744,1,1
6,27,0.613825,0.772744,0,1
6,28,0.616461,0.772744,1,1
6,29,0.627204,0.772744,2,1
6,30,0.631464,0.772744,1,1
6,31,0.640881,0.772744,0,1
6,32,0.655445,0.772744,0,1
6,33,0.664595,0.772744,0,1
6,34,0.679468,0.772744,1,1
6,35,0.688953,0.772744,2,1
6,36,0.698721,0.772744,1,1
6,37,0.698721,0.772744,0,1
6,38,0.698721,0.772744,0,1
6,39,0.698721,0.772744,2,1
6,40,0.698721,0.772744,2,1
6,41,0.698721,0.772744,1,1
6,42,0.705010,0.772744,1,1
6,43,0.712347,0.772744,1,1
6,44,0.719893,0.772744,1,1
6,45,0.722702,0.772744,2,1
6,46,0.729457,0.772744,0,1
6,47,0.734640,0.772744,1,1
6,48,0.736003,0.772744,0,1
6,49,0.736003,0.772744,1,1
6,50,0.736003,0.772744,1,1
6,51,0.736003,0.772744,0,1
6,52,0.736003,0.772744,1,1
6,53,0.736003,0.772744,2,1
6,54,0.736003,0.772744,1,1
6,55,0.738010,0.772744,2,1
6,56,0.746824,0.772744,0,1
6,57,0.753097,0.772744,0,1
6,58,0.753097,0.772744,1,1
6,59,0.753097,0.772744,1,1
6,60,0.753097,0.772744,1,1
6,61,0.753097,0.772744,2,1
6,62,0.753097,0.772744,0,1
6,63,0.753097,0.772744,1,1
6,64,0.753097,0.772744,0,1
6,65,0.753097,0.772744,1,1
6,66,0.753097,0.772744,1,1
6,67,0.753097,0.772744,1,1
6,68,0.753097,0.772744,1,1
6,69,0.753097,0.772744,2,1
6,70,0.753097,0.772744,1,1
6,71,0.753097,0.772744,2,1
6,72,0.753097,0.772744,1,1
6,73,0.753097,0.772744,2,1
6,74,0.753097,0.772744,1,1
6,75,0.754507,0.772744,1,1
6,76,0.759323,0.772744,1,1
6,77,0.756944,0.772744,1,1
6,78,0.752563,0.772744,1,1
6,79,0.754606,0.772744,1,1
6,80,0.747657,0.772744,1,1
6,81,0.755450,0.772744,0,1
6,82,0.755450,0.772744,2,1
6,83,0.755450,0.772744,1,1
6,84,0.755450,0.772744,1,1
6,85,0.755450,0.772744,2,1
6,86,0.755450,0.772744,2,1
6,87,0.755450,0.772744,1,1
6,88,0.755450,0.772744,2,1
6,89,0.755450,0.772744,0,1
6,90,0.756582,0.772744,1,1
6,91,0.752505,0.831255,1,1
6,92,0.749513,0.831255,2,1
6,93,0.745991,0.831255,2,1
6,94,0.761728,0.831255,2,1
6,95,0.766413,0.831255,1,1
6,96,0.766413,0.831255,2,1
6,97,0.766413,0.831255,0,1
6,98,0.766413,0.831255,1,1
6,99,0.766413,0.831255,0,1
6,100,0.766413,0.831255,0,1
6,101,0.766413,0.831255,0,1
6,102,0.766413,0.831255,1,1
6,103,0.766413,0.831255,0,1
6,104,0.766413,0.831255,1,1
6,105,0.766413,0.831255,1,1
6,106,0.766413,0.831255,1,1
6,107,0.766413,0.831255,1,1
6,108,0.766413,0.831255,2,1
6,109,0.766413,0.831255,0,1
7,0,0.516461,0.668797,0,0
7,1,0.527744,0.703383,1,0
7,2,0.534554,0.703383,0,0
7,3,0.551719,0.703383,2,0
7,4,0.562895,0.703383,1,0
7,5,0.571208,0.703383,1,0
7,6,0.581327,0.703383,1,0
7,7,0.592438,0.703383,1,0
7,8,0.598244,0.703383,2,0
7,9,0.609581,0.703383,0,0
7,10,0.614307,0.703383,1,0
7,11,0.622970,0.708647,2,0
7,12,0.633588,0.708647,2,0
7,13,0.646053,0.708647,1,0
7,14,0.651772,0.708647,1,0
7,15,0.662948,0.708647,1,0
7,16,0.661783,0.708647,1,0
7,17,0.672352,0.713910,1,0
7,18,0.672164,0.713910,2,0
7,19,0.674678,0.713910,1,0
7,20,0.681950,0.713910,2,0
7,21,0.686289,0.713910,1,0
7,22,0.682766,0.713910,1,0
7,23,0.686396,0.713910,1,0
7,24,0.688496,0.713910,0,0
7,25,0.694398,0.713910,1,0
7,26,0.692223,0.713910,2,0
7,27,0.693153,0.713910,1,0
7,28,0.694087,0.713910,2,0
7,29,0.694898,0.713910,0,0
7,30,0.702395,0.713910,1,0
7,31,0.698238,0.713910,1,0
7,32,0.697035,0.713910,2,0
7,33,0.696224,0.713910,1,0
7,34,0.697154,0.713910,1,0
7,35,0.685951,0.713910,2,0
7,36,0.697965,0.713910,1,0
7,37,0.698416,0.713910,2,0
7,38,0.697782,0.713910,1,0
7,39,0.692782,0.713910,1,0
7,40,0.699468,0.713910,1,0
7,41,0.701182,0.713910,0,0
7,42,0.701783,0.713910,2,0
7,43,0.705720,0.768609,1,0
7,44,0.709334,0.768609,2,0
7,45,0.709635,0.768609,1,0
7,46,0.711799,0.768609,0,0
7,47,0.717873,0.784398,1,0
7,48,0.720489,0.784398,1,0
7,49,0.714828,0.784398,2,0
7,50,0.722052,0.784398,0,0
7,51,0.725177,0.784398,1,0
7,52,0.720628,0.784398,1,0
7,53,0.723212,0.784398,1,0
7,54,0.724350,0.784398,2,0
7,55,0.729103,0.784398,2,0
7,56,0.732379,0.784398,1,0
7,57,0.736316,0.802256,1,0
7,58,0.737820,0.802256,1,0
7,59,0.741396,0.802256,2,0
7,60,0.745333,0.802256,1,0
7,61,0.748550,0.802256,1,0
7,62,0.758421,0.802256,0,0
7,63,0.761396,0.802256,2,0
7,64,0.758319,0.802256,1,0
7,65,0.761745,0.802256,2,0
7,66,0.761874,0.802256,1,0
7,67,0.764672,0.802256,2,0
7,68,0.767648,0.802256,0,0
7,69,0.770021,0.802256,0,0
7,70,0.771493,0.802256,1,0
7,71,0.766939,0.802256,1,0
7,72,0.769817,0.802256,1,0
7,73,0.776203,0.802256,1,0
7,74,0.777734,0.802256,1,0
7,75,0.780677,0.802256,0,0
7,76,0.782599,0.802256,0,0
7,77,0.784372,0.802256,2,0
7,78,0.785392,0.802256,2,0
7,79,0.787884,0.802256,2,0
7,0,0.518931,0.752820,2,1
7,1,0.518931,0.752820,0,1
7,2,0.518931,0.752820,1,1
7,3,0.518931,0.752820,1,1
7,4,0.522003,0.752820,2,1
7,5,0.522003,0.752820,2,1
7,6,0.522003,0.752820,1,1
7,7,0.522003,0.752820,2,1
7,8,0.529409,0.752820,1,1
7,9,0.535736,0.752820,2,1
7,10,0.535736,0.752820,0,1
7,11,0.547213,0.752820,2,1
7,12,0.564221,0.752820,0,1
7,13,0.564221,0.752820,1,1
7,14,0.569769,0.752820,1,1
7,15,0.580548,0.752820,1,1
7,16,0.588169,0.752820,0,1
7,17,0.595124,0.752820,0,1
7,18,0.595124,0.752820,1,1
7,19,0.599474,0.752820,1,1
7,20,0.612062,0.752820,1,1
7,21,0.615591,0.752820,1,1
7,22,0.629087,0.752820,1,1
7,23,0.640929,0.752820,2,1
7,24,0.645795,0.752820,1,1
7,25,0.651617,0.752820,1,1
7,26,0.663142,0.752820,1,1
7,27,0.666106,0.752820,1,1
7,28,0.670075,0.752820,2,1
7,29,0.667191,0.752820,1,1
7,30,0.674189,0.752820,0,1
7,31,0.680215,0.752820,0,1
7,32,0.691837,0.752820,0,1
7,33,0.700994,0.752820,0,1
7,34,0.702170,0.752820,0,1
7,35,0.702266,0.752820,1,1
7,36,0.702266,0.752820,1,1
7,37,0.702266,0.752820,2,1
7,38,0.703443,0.752820,2,1
7,39,0.703443,0.752820,1,1
7,40,0.703443,0.752820,2,1
7,41,0.708571,0.752820,1,1
7,42,0.708571,0.752820,1,1
7,43,0.708571,0.752820,2,1
7,44,0.710924,0.752820,1,1
7,45,0.710924,0.752820,0,1
7,46,0.707385,0.752820,2,1
7,47,0.707385,0.752820,0,1
7,48,0.708561,0.752820,0,1
7,49,0.702744,0.752820,1,1
7,50,0.706284,0.752820,1,1
7,51,0.706284,0.752820,0,1
7,52,0.706284,0.752820,2,1
7,53,0.700467,0.752820,1,1
7,54,0.700467,0.752820,1,1
7,55,0.700467,0.752820,1,1
7,56,0.700467,0.752820,2,1
7,57,0.700467,0.752820,0,1
7,58,0.700467,0.752820,0,1
7,59,0.706284,0.752820,0,1
7,60,0.706284,0.752820,1,1
7,61,0.712100,0.752820,1,1
7,62,0.712100,0.752820,2,1
7,63,0.712100,0.752820,0,1
7,64,0.712100,0.752820,1,1
7,65,0.712100,0.752820,0,1
7,66,0.712100,0.752820,0,1
7,67,0.712100,0.752820,2,1
7,68,0.712100,0.752820,0,1
7,69,0.712100,0.752820,0,1
7,70,0.705763,0.752820,1,1
7,71,0.705763,0.752820,0,1
7,72,0.705763,0.752820,1,1
7,73,0.705763,0.752820,0,1
7,74,0.712100,0.752820,2,1
7,75,0.708163,0.752820,1,1
7,76,0.708163,0.752820,2,1
7,77,0.708163,0.752820,0,1
7,78,0.708163,0.752820,0,1
7,79,0.700849,0.752820,1,1
7,80,0.700849,0.752820,0,1
7,81,0.700849,0.752820,1,1
7,82,0.700849,0.752820,0,1
7,83,0.700849,0.752820,2,1
7,84,0.712100,0.752820,1,1
7,85,0.712100,0.752820,2,1
7,86,0.712100,0.752820,0,1
7,87,0.712100,0.752820,0,1
7,88,0.712100,0.752820,2,1
7,89,0.712256,0.752820,1,1
7,90,0.712256,0.752820,0,1
7,91,0.712411,0.752820,2,1
7,92,0.713437,0.752820,1,1
7,93,0.713437,0.752820,1,1
7,94,0.706096,0.752820,1,1
7,95,0.706251,0.752820,0,1
7,96,0.706407,0.752820,2,1
7,97,0.706407,0.752820,2,1
7,98,0.706563,0.752820,0,1
7,99,0.706563,0.752820,0,1
7,100,0.706719,0.752820,2,1
7,101,0.706874,0.752820,0,1
7,102,0.707030,0.752820,0,1
7,103,0.707030,0.752820,1,1
7,104,0.707186,0.752820,1,1
7,105,0.707342,0.752820,0,1
7,106,0.707342,0.752820,1,1
7,107,0.707653,0.752820,1,1
7,108,0.707965,0.752820,2,1
7,109,0.708120,0.752820,1,1
8,0,0.502991,0.757143,2,0
8,1,0.505166,0.757143,1,0
8,2,0.523394,0.757143,0,0
8,3,0.533452,0.757143,1,0
8,4,0.543353,0.757143,1,0
8,5,0.552461,0.757143,2,0
8,6,0.574198,0.757143,0,0
8,7,0.585394,0.757143,1,0
8,8,0.600636,0.757143,2,0
8,9,0.609988,0.757143,1,0
8,10,0.622327,0.782653,2,0
8,11,0.635819,0.782653,2,0
8,12,0.649563,0.782653,2,0
8,13,0.659825,0.782653,1,0
8,14,0.656892,0.782653,1,0
8,15,0.669341,0.782653,2,0
8,16,0.684717,0.782653,1,0
8,17,0.698309,0.782653,1,0
8,18,0.712991,0.782653,2,0
8,19,0.719598,0.782653,1,0
8,20,0.726455,0.782653,1,0
8,21,0.731411,0.782653,1,0
8,22,0.732723,0.782653,0,0
8,23,0.726431,0.782653,1,0
8,24,0.733918,0.782653,2,0
8,25,0.743143,0.782653,0,0
8,26,0.749749,0.782653,1,0
8,27,0.750758,0.782653,2,0
8,28,0.752641,0.782653,2,0
8,29,0.756892,0.782653,1,0
8,30,0.761411,0.782653,1,0
8,31,0.768566,0.782653,1,0
8,32,0.770169,0.782653,2,0
8,33,0.770484,0.782653,1,0
8,34,0.772087,0.782653,2,0
8,35,0.773959,0.782653,1,0
8,36,0.775137,0.782653,2,0
8,37,0.775878,0.782653,1,0
8,38,0.767096,0.782653,1,0
8,39,0.766402,0.782653,2,0
8,40,0.767703,0.782653,2,0
8,41,0.768601,0.782653,0,0
8,42,0.769318,0.782653,1,0
8,43,0.758723,0.782653,2,0
8,44,0.770058,0.782653,2,0
8,45,0.770787,0.782653,2,0
8,46,0.771079,0.782653,1,0
8,47,0.772099,0.782653,1,0
8,48,0.772391,0.782653,2,0
8,49,0.764315,0.782653,1,0
8,50,0.764315,0.782653,1,0
8,51,0.773388,0.782653,2,0
8,52,0.773388,0.782653,0,0
8,53,0.773959,0.797551,1,0
8,54,0.773265,0.797551,1,0
8,55,0.773324,0.797551,1,0
8,56,0.773324,0.797551,2,0
8,57,0.777854,0.797551,1,0
8,58,0.777563,0.797551,2,0
8,59,0.775644,0.797551,1,0
8,60,0.768770,0.797551,1,0
8,61,0.768478,0.797551,2,0
8,62,0.760157,0.797551,1,0
8,63,0.764531,0.797551,0,0
8,64,0.768904,0.797551,1,0
8,65,0.768175,0.797551,1,0
8,66,0.771090,0.797551,2,0
8,67,0.772513,0.797551,1,0
8,68,0.772939,0.797551,1,0
8,69,0.772076,0.797551,1,0
8,70,0.772805,0.797551,1,0
8,71,0.773230,0.797551,1,0
8,72,0.773802,0.797551,0,0
8,73,0.784758,0.797551,0,0
8,74,0.781224,0.797551,1,0
8,75,0.781650,0.797551,1,0
8,76,0.781907,0.797551,1,0
8,77,0.785015,0.797551,2,0
8,78,0.786583,0.797551,0,0
8,79,0.785236,0.797551,1,0
8,0,0.521499,0.717143,1,1
8,1,0.521499,0.717143,1,1
8,2,0.521499,0.717143,1,1
8,3,0.522070,0.717143,1,1
8,4,0.522070,0.717143,0,1
8,5,0.522070,0.717143,0,1
8,6,0.530746,0.717143,0,1
8,7,0.532082,0.717143,2,1
8,8,0.532991,0.717143,1,1
8,9,0.532991,0.717143,1,1
8,10,0.532991,0.717143,1,1
8,11,0.546017,0.717143,2,1
8,12,0.546017,0.717143,1,1
8,13,0.546017,0.717143,0,1
8,14,0.548350,0.717143,1,1
8,15,0.548362,0.717143,1,1
8,16,0.548507,0.717143,1,1
8,17,0.549405,0.717143,1,1
8,18,0.549405,0.717143,1,1
8,19,0.551907,0.717143,0,1
8,20,0.556606,0.717143,1,1
8,21,0.556741,0.717143,1,1
8,22,0.562286,0.717143,1,1
8,23,0.564711,0.717143,1,1
8,24,0.568980,0.717143,1,1
8,25,0.578192,0.717143,1,1
8,26,0.576431,0.717143,2,1
8,27,0.578834,0.717143,2,1
8,28,0.582408,0.717143,1,1
8,29,0.589166,0.717143,1,1
8,30,0.597609,0.717143,2,1
8,31,0.597609,0.717143,0,1
8,32,0.597609,0.717143,1,1
8,33,0.604799,0.717143,2,1
8,34,0.605673,0.717143,2,1
8,35,0.609055,0.717143,1,1
8,36,0.615510,0.717143,1,1
8,37,0.616560,0.717143,1,1
8,38,0.614227,0.717143,2,1
8,39,0.618350,0.717143,0,1
8,40,0.615137,0.717143,1,1
8,41,0.625079,0.717143,1,1
8,42,0.623837,0.717143,2,1
8,43,0.628746,0.717143,2,1
8,44,0.631860,0.717143,0,1
8,45,0.634128,0.717143,1,1
8,46,0.637405,0.717143,2,1
8,47,0.642344,0.717143,0,1
8,48,0.644845,0.717143,2,1
8,49,0.648723,0.717143,1,1
8,50,0.649650,0.717143,1,1
8,51,0.647079,0.717143,1,1
8,52,0.656210,0.717143,1,1
8,53,0.658840,0.717143,0,1
8,54,0.663784,0.717143,0,1
8,55,0.665219,0.717143,2,1
8,56,0.656117,0.717143,1,1
8,57,0.666653,0.717143,1,1
8,58,0.669271,0.717143,0,1
8,59,0.670449,0.717143,1,1
8,60,0.671522,0.717143,2,1
8,61,0.672915,0.717143,0,1
8,62,0.664601,0.717143,1,1
8,63,0.664962,0.717143,2,1
8,64,0.668268,0.717143,1,1
8,65,0.668915,0.742653,1,1
8,66,0.668915,0.742653,0,1
8,67,0.663948,0.742653,1,1
8,68,0.670350,0.742653,0,1
8,69,0.672810,0.742653,1,1
8,70,0.673534,0.742653,0,1
8,71,0.670414,0.742653,1,1
8,72,0.667673,0.742653,2,1
8,73,0.668181,0.742653,2,1
8,74,0.670641,0.742653,0,1
8,75,0.672741,0.742653,0,1
8,76,0.674554,0.742653,1,1
8,77,0.676653,0.742653,0,1
8,78,0.680128,0.742653,2,1
8,79,0.681866,0.742653,1,1
8,80,0.679487,0.742653,1,1
8,81,0.683603,0.742653,0,1
8,82,0.695755,0.742653,0,1
8,83,0.697493,0.742653,0,1
8,84,0.706163,0.742653,2,1
8,85,0.706163,0.742653,1,1
8,86,0.706163,0.742653,1,1
8,87,0.706163,0.742653,1,1
8,88,0.703633,0.742653,2,1
8,89,0.703633,0.742653,1,1
8,90,0.707108,0.742653,2,1
8,91,0.714851,0.742653,1,1
8,92,0.715580,0.742653,0,1
8,93,0.720869,0.742653,0,1
8,94,0.724344,0.742653,1,1
8,95,0.727819,0.742653,1,1
8,96,0.731294,0.742653,1,1
8,97,0.729557,0.742653,1,1
8,98,0.733032,0.742653,0,1
8,99,0.723563,0.742653,2,1
8,100,0.723563,0.742653,1,1
8,101,0.725300,0.742653,1,1
8,102,0.733889,0.742653,2,1
8,103,0.721918,0.742653,2,1
8,104,0.721918,0.742653,0,1
8,105,0.723656,0.742653,1,1
8,106,0.739178,0.742653,1,1
8,107,0.739178,0.742653,2,1
8,108,0.739178,0.742653,2,1
8,109,0.735703,0.742653,1,1
9,0,0.539107,0.714512,0,0
9,1,0.548793,0.714512,1,0
9,2,0.562054,0.714512,1,0
9,3,0.572590,0.714512,1,0
9,4,0.575439,0.714512,1,0
9,5,0.574142,0.714512,1,0
9,6,0.584208,0.793220,1,0
9,7,0.593225,0.793220,1,0
9,8,0.594330,0.793220,2,0
9,9,0.603778,0.793220,1,0
9,10,0.601054,0.793220,1,0
9,11,0.591798,0.793220,1,0
9,12,0.590597,0.793220,2,0
9,13,0.594891,0.793220,2,0
9,14,0.612196,0.793220,1,0
9,15,0.620386,0.793220,2,0
9,16,0.627133,0.793220,1,0
9,17,0.628520,0.793220,1,0
9,18,0.632214,0.793220,1,0
9,19,0.640025,0.793220,0,0
9,20,0.646783,0.793220,2,0
9,21,0.647865,0.793220,1,0
9,22,0.655347,0.793220,0,0
9,23,0.658389,0.793220,1,0
9,24,0.664161,0.793220,1,0
9,25,0.659516,0.793220,1,0
9,26,0.666308,0.793220,1,0
9,27,0.677314,0.793220,1,0
9,28,0.668647,0.793220,1,0
9,29,0.677127,0.793220,1,0
9,30,0.674476,0.793220,1,0
9,31,0.677863,0.793220,2,0
9,32,0.692631,0.793220,0,0
9,33,0.697428,0.793220,1,0
9,34,0.692574,0.793220,1,0
9,35,0.694007,0.793220,2,0
9,36,0.701416,0.793220,0,0
9,37,0.702623,0.793220,2,0
9,38,0.707613,0.793220,1,0
9,39,0.708264,0.793220,1,0
9,40,0.712235,0.793220,1,0
9,41,0.711357,0.793220,1,0
9,42,0.714444,0.793220,0,0
9,43,0.727048,0.793220,1,0
9,44,0.729846,0.793220,2,0
9,45,0.733970,0.793220,1,0
9,46,0.736190,0.793220,1,0
9,47,0.739963,0.793220,0,0
9,48,0.740280,0.818596,1,0
9,49,0.746160,0.818596,2,0
9,50,0.746760,0.818596,1,0
9,51,0.753030,0.818596,0,0
9,52,0.759822,0.818596,0,0
9,53,0.764212,0.818596,1,0
9,54,0.753019,0.818596,1,0
9,55,0.753767,0.818596,1,0
9,56,0.759567,0.818596,1,0
9,57,0.753025,0.818596,2,0
9,58,0.755613,0.818596,1,0
9,59,0.751252,0.818596,2,0
9,60,0.756775,0.818596,1,0
9,61,0.767039,0.818596,1,0
9,62,0.761861,0.818596,2,0
9,63,0.770890,0.818596,2,0
9,64,0.771615,0.818596,0,0
9,65,0.776980,0.818596,1,0
9,66,0.777892,0.818596,2,0
9,67,0.776963,0.818596,2,0
9,68,0.770941,0.818596,2,0
9,69,0.771666,0.818596,0,0
9,70,0.780044,0.818596,1,0
9,71,0.776391,0.818596,1,0
9,72,0.770534,0.818596,1,0
9,73,0.763334,0.818596,2,0
9,74,0.775127,0.818596,0,0
9,75,0.776351,0.818596,1,0
9,76,0.781086,0.818596,2,0
9,77,0.778928,0.818596,2,0
9,78,0.779653,0.818596,0,0
9,79,0.764184,0.818596,1,0
9,0,0.520924,0.704203,1,1
9,1,0.520924,0.704203,0,1
9,2,0.529648,0.704203,1,1
9,3,0.529648,0.704203,0,1
9,4,0.529648,0.704203,1,1
9,5,0.533896,0.704203,1,1
9,6,0.539107,0.704203,1,1
9,7,0.546482,0.704203,1,1
9,8,0.550838,0.704203,0,1
9,9,0.556746,0.704203,0,1
9,10,0.567469,0.704203,2,1
9,11,0.575218,0.704203,2,1
9,12,0.579574,0.704203,2,1
9,13,0.583873,0.704203,2,1
9,14,0.583063,0.704203,2,1
9,15,0.587714,0.704203,1,1
9,16,0.595078,0.713125,1,1
9,17,0.599428,0.713125,1,1
9,18,0.609879,0.713125,1,1
9,19,0.616331,0.713125,0,1
9,20,0.619769,0.713125,2,1
9,21,0.627580,0.713125,0,1
9,22,0.631676,0.713125,1,1
9,23,0.631676,0.713125,2,1
9,24,0.633845,0.713125,1,1
9,25,0.641787,0.713125,0,1
9,26,0.641787,0.713125,1,1
9,27,0.643554,0.713125,1,1
9,28,0.644908,0.713125,1,1
9,29,0.645163,0.713125,0,1
9,30,0.645695,0.713125,1,1
9,31,0.650833,0.713125,2,1
9,32,0.653840,0.713125,0,1
9,33,0.657392,0.713125,1,1
9,34,0.658565,0.713125,1,1
9,35,0.660859,0.713125,0,1
9,36,0.653620,0.713125,1,1
9,37,0.655342,0.713125,0,1
9,38,0.656293,0.713125,1,1
9,39,0.653535,0.713125,1,1
9,40,0.658259,0.713125,1,1
9,41,0.663878,0.713125,0,1
9,42,0.665611,0.713125,2,1
9,43,0.670182,0.713125,0,1
9,44,0.667305,0.713125,1,1
9,45,0.671542,0.713125,2,1
9,46,0.673275,0.713125,2,1
9,47,0.677557,0.713125,0,1
9,48,0.679036,0.713125,1,1
9,49,0.680514,0.713125,0,1
9,50,0.688082,0.713125,0,1
9,51,0.691158,0.713125,0,1
9,52,0.688280,0.713125,1,1
9,53,0.687895,0.713125,2,1
9,54,0.691356,0.713125,2,1
9,55,0.699898,0.738303,1,1
9,56,0.699751,0.738303,1,1
9,57,0.700278,0.738303,1,1
9,58,0.702011,0.738303,2,1
9,59,0.700680,0.738303,1,1
9,60,0.700827,0.738303,1,1
9,61,0.703637,0.738303,1,1
9,62,0.699756,0.738303,2,1
9,63,0.692444,0.738303,1,1
9,64,0.692953,0.738303,0,1
9,65,0.694183,0.738303,1,1
9,66,0.695412,0.738303,1,1
9,67,0.701682,0.738303,1,1
9,68,0.702804,0.738303,2,1
9,69,0.706673,0.738303,1,1
9,70,0.705172,0.738303,1,1
9,71,0.705931,0.738303,2,1
9,72,0.714473,0.738303,2,1
9,73,0.717395,0.738303,1,1
9,74,0.718370,0.738303,0,1
9,75,0.719089,0.738303,0,1
9,76,0.716869,0.738303,1,1
9,77,0.718307,0.738303,1,1
9,78,0.716806,0.738303,1,1
9,79,0.719650,0.738303,2,1
9,80,0.721344,0.738303,1,1
9,81,0.722782,0.738303,1,1
9,82,0.720562,0.738303,1,1
9,83,0.725467,0.738303,0,1
9,84,0.726906,0.738303,1,1
9,85,0.724941,0.738303,1,1
9,86,0.722584,0.738303,1,1
9,87,0.725756,0.738303,0,1
9,88,0.726476,0.738303,2,1
9,89,0.727914,0.738303,0,1
9,90,0.726708,0.738303,1,1
9,91,0.728866,0.738303,2,1
9,92,0.725926,0.738303,1,1
9,93,0.728147,0.738303,1,1
9,94,0.726413,0.738303,1,1
9,95,0.723264,0.738303,2,1
9,96,0.724470,0.738303,1,1
9,97,0.724470,0.738303,1,1
9,98,0.726396,0.738303,1,1
9,99,0.727116,0.738303,0,1
9,100,0.727116,0.738303,1,1
9,101,0.727835,0.738303,0,1
9,102,0.730288,0.738303,0,1
9,103,0.730288,0.738303,0,1
9,104,0.730305,0.738898,2,1
9,105,0.733454,0.738898,1,1
9,106,0.729795,0.738898,1,1
9,107,0.729812,0.738898,1,1
9,108,0.728605,0.738898,1,1
9,109,0.729829,0.738898,1,1
